areaName,Borough,areaType,2010-01,2010-02,2010-03,2010-04,2010-05,2010-06,2010-07,2010-08,2010-09,2010-10,2010-11,2010-12,2011-01,2011-02,2011-03,2011-04,2011-05,2011-06,2011-07,2011-08,2011-09,2011-10,2011-11,2011-12,2012-01,2012-02,2012-03,2012-04,2012-05,2012-06,2012-07,2012-08,2012-09,2012-10,2012-11,2012-12,2013-01,2013-02,2013-03,2013-04,2013-05,2013-06,2013-07,2013-08,2013-09,2013-10,2013-11,2013-12,2014-01,2014-02,2014-03,2014-04,2014-05,2014-06,2014-07,2014-08,2014-09,2014-10,2014-11,2014-12,2015-01,2015-02,2015-03,2015-04,2015-05,2015-06,2015-07,2015-08,2015-09,2015-10,2015-11,2015-12,2016-01,2016-02,2016-03,2016-04,2016-05,2016-06,2016-07,2016-08,2016-09,2016-10,2016-11,2016-12,2017-01,2017-02,2017-03,2017-04,2017-05,2017-06,2017-07,2017-08,2017-09,2017-10,2017-11,2017-12,2018-01,2018-02,2018-03,2018-04,2018-05,2018-06,2018-07,2018-08,2018-09,2018-10,2018-11,2018-12
All Downtown,Manhattan,submarket,2918,2965,3107,3094,3044,3028,2888,2780,2903,2976,2849,2631,2630,2661,2838,2879,2907,2897,2793,2567,2628,2761,2649,2457,2460,2561,2706,2652,2682,2597,2497,2347,2243,2243,2087,1913,1976,2053,2277,2472,2583,2397,2329,2160,2204,2367,2232,2112,2146,2150,2312,2428,2507,2382,2347,2235,2432,2629,2462,2173,2166,2282,2377,2531,2548,2526,2421,2268,2456,2663,2512,2252,2303,2440,2666,2860,2955,2883,2701,2511,2740,2758,2645,2311,2343,2357,2630,2679,2780,2756,2594,2410,2687,2822,2696,2372,2444,2505,2649,2959,3220,3064,2850,2759,3066,3303,3122,2698
All Midtown,Manhattan,submarket,2240,2349,2504,2553,2526,2500,2403,2314,2381,2410,2289,2103,2108,2167,2298,2280,2297,2249,2195,2130,2180,2221,2172,2031,2087,2103,2171,2163,2167,2083,1985,1884,1874,1883,1785,1653,1693,1716,1749,1823,1822,1649,1558,1436,1477,1589,1474,1306,1339,1395,1499,1549,1589,1517,1502,1458,1619,1690,1604,1495,1475,1530,1646,1783,1762,1720,1639,1554,1662,1765,1686,1551,1573,1696,1810,1854,1887,1854,1768,1673,1800,1835,1803,1681,1705,1711,1836,1869,1933,1946,1898,1797,1917,1971,1804,1634,1675,1767,1946,2086,2181,2119,2069,1991,2135,2230,2086,1905
All Upper East Side,Manhattan,submarket,2200,2296,2463,2520,2467,2417,2294,2195,2308,2385,2345,2190,2207,2262,2398,2415,2419,2360,2221,2031,2151,2233,2160,1985,2099,2160,2355,2322,2303,2180,2068,1924,1959,2037,1937,1757,1856,1946,1929,2017,2023,1872,1646,1528,1594,1722,1560,1398,1465,1487,1588,1669,1698,1610,1545,1426,1608,1742,1579,1447,1476,1548,1613,1710,1734,1700,1558,1394,1491,1640,1485,1341,1343,1469,1620,1725,1745,1766,1600,1455,1538,1655,1589,1417,1467,1571,1658,1757,1817,1771,1669,1529,1672,1781,1711,1542,1588,1708,1823,2000,2156,2086,1934,1784,1986,2142,2016,1798
All Upper Manhattan,Manhattan,submarket,1156,1205,1247,1300,1240,1205,1177,1144,1198,1211,1199,1172,1226,1176,1260,1244,1245,1257,1216,1129,1120,1092,1062,1001,1038,1022,1042,1022,1028,1010,964,935,926,902,856,811,772,730,727,753,795,723,713,695,660,682,629,588,645,681,702,724,776,740,732,680,696,696,651,562,534,554,552,564,577,598,540,520,578,602,567,491,518,550,587,640,690,665,616,572,606,582,558,497,515,519,569,561,603,596,553,511,592,634,620,538,552,582,603,647,722,718,715,682,749,808,701,612
All Upper West Side,Manhattan,submarket,1467,1458,1536,1609,1603,1606,1513,1454,1515,1575,1465,1335,1393,1481,1608,1656,1642,1627,1487,1372,1431,1451,1423,1265,1308,1390,1447,1405,1381,1272,1135,1044,1067,1101,1050,928,954,1001,1085,1168,1204,1089,971,897,966,1030,903,757,837,891,966,1043,1129,1084,1005,866,989,1113,1029,911,917,1002,1044,1157,1132,1120,1091,1005,1076,1131,1014,862,837,902,1036,1129,1130,1120,1019,942,1067,1132,1034,888,915,958,1064,1149,1234,1215,1133,1018,1124,1217,1129,972,1006,1032,1107,1292,1350,1345,1304,1196,1291,1424,1358,1158
Alley Park,Queens,neighborhood,0,0,0,0,0,0,0,0,0,0,0,0,0,0,0,0,0,0,0,0,0,0,0,0,0,0,0,0,0,0,0,1,1,1,1,1,1,1,1,1,0,0,0,0,0,0,0,0,1,1,1,1,1,1,1,0,0,0,0,0,0,0,0,0,0,0,0,0,0,0,0,0,0,0,0,0,0,0,0,0,0,0,0,0,0,0,0,0,0,0,0,0,0,0,0,0,0,0,0,0,0,0,0,0,0,0,0,0
Astoria,Queens,neighborhood,143,163,174,167,204,201,205,191,188,172,227,173,124,119,99,123,123,153,180,203,184,191,179,167,145,132,143,89,90,79,90,84,84,91,86,71,69,62,57,67,73,71,69,74,78,91,94,92,98,103,105,99,93,101,98,96,100,91,90,82,81,85,94,99,98,125,119,128,132,114,105,89,90,83,86,94,92,108,104,107,108,114,113,102,91,97,110,102,105,145,153,141,124,154,151,129,141,140,164,198,196,212,199,206,233,244,237,203
Auburndale,Queens,neighborhood,6,6,5,5,4,6,9,6,6,6,3,6,5,4,7,7,5,5,6,7,6,4,5,7,7,7,8,9,12,12,13,12,11,12,11,9,6,7,6,5,10,10,10,10,6,3,1,1,2,3,3,3,4,7,9,13,14,15,12,12,13,11,10,8,10,11,11,13,13,10,11,7,6,6,9,11,9,11,8,9,8,9,10,9,7,10,12,14,20,40,48,39,15,17,18,16,15,15,15,17,20,22,19,18,20,20,19,17
Bath Beach,Brooklyn,neighborhood,7,5,6,7,9,10,12,14,13,13,14,12,12,13,25,22,21,22,25,22,20,23,26,25,27,27,25,20,15,9,12,14,12,11,12,19,17,19,21,19,19,17,17,16,14,14,11,9,9,5,6,7,6,9,10,9,12,11,10,9,13,14,11,10,7,8,9,9,11,12,11,15,16,13,17,28,25,30,26,28,27,29,28,22,16,18,15,15,23,34,41,44,44,51,59,52,58,58,61,61,70,78,77,79,88,97,94,85
Battery Park City,Manhattan,neighborhood,171,164,168,183,178,207,180,237,235,226,222,205,207,210,232,236,237,223,215,197,190,195,188,173,172,176,168,160,175,182,183,176,161,167,144,131,130,131,133,143,120,113,104,93,91,91,79,62,65,74,84,86,93,95,90,84,75,65,72,71,76,104,113,109,110,104,110,100,102,98,96,90,94,102,103,115,119,110,97,86,92,90,91,75,85,93,99,102,113,111,109,114,117,120,103,87,95,110,123,150,159,154,143,138,147,154,136,119
Bay Ridge,Brooklyn,neighborhood,61,63,62,61,69,95,96,96,94,96,89,83,82,79,95,86,96,98,100,95,95,102,85,79,83,80,84,87,93,102,98,108,114,109,101,89,106,102,97,113,113,120,113,112,106,111,121,110,113,134,130,140,144,139,130,117,136,140,132,106,115,104,118,111,118,118,112,114,112,126,129,111,100,111,137,161,173,173,162,166,171,184,180,168,158,177,184,206,226,250,233,227,236,243,229,202,216,260,270,277,291,301,283,279,288,306,300,278
Baychester,Bronx,neighborhood,0,0,1,1,2,1,0,0,0,0,0,0,0,0,0,0,0,1,1,1,0,0,0,0,0,0,0,0,0,0,0,0,0,0,0,0,0,0,0,1,1,2,2,2,2,1,1,1,0,0,0,0,1,1,2,2,4,4,4,4,4,6,5,4,5,4,3,5,3,3,2,2,1,0,0,0,1,1,1,3,3,4,4,4,4,4,3,1,2,3,4,4,4,5,5,2,4,4,5,6,4,3,3,4,3,5,5,6
Bayside,Queens,neighborhood,31,30,32,35,32,36,39,29,31,30,26,27,27,36,36,39,43,35,39,40,41,40,35,34,34,30,28,30,38,34,34,35,30,33,31,35,32,32,36,34,25,23,20,21,27,26,34,27,28,31,42,49,56,70,81,80,86,75,64,65,64,53,59,76,79,73,75,80,81,76,67,48,54,50,60,60,75,73,71,63,60,68,73,68,49,49,60,56,69,136,150,123,74,82,85,76,58,51,49,55,56,69,68,69,71,76,84,80
Bedford Park,Bronx,neighborhood,3,2,4,11,13,11,12,15,13,4,4,5,4,4,3,5,5,5,5,5,5,4,4,2,2,2,2,2,2,3,2,4,4,4,4,4,5,3,6,7,18,29,23,44,40,23,17,13,12,10,10,10,10,10,3,3,2,3,3,5,7,8,10,11,12,13,13,13,9,6,4,2,1,3,4,5,4,4,5,6,6,10,9,7,6,6,9,7,7,7,11,13,9,10,13,11,11,10,14,10,8,8,6,9,10,10,10,8
Bedford-Stuyvesant,Brooklyn,neighborhood,157,166,156,171,158,170,172,191,211,214,251,206,212,217,235,233,221,214,207,199,182,185,194,187,157,198,179,198,162,149,135,136,152,138,139,121,123,115,117,126,127,123,139,155,159,199,207,202,207,190,188,197,216,213,222,214,230,238,239,223,235,239,252,264,254,254,248,265,287,317,298,274,258,248,255,276,297,314,316,299,322,323,299,249,252,256,269,259,279,285,278,269,278,283,277,261,260,266,316,339,353,381,381,343,376,412,397,367
Bellerose,Queens,neighborhood,1,1,1,1,0,3,3,3,1,0,0,0,0,0,0,0,0,1,2,2,3,2,0,0,0,0,0,0,0,0,0,1,2,3,3,2,1,1,1,1,1,1,2,4,5,6,7,8,8,5,4,7,11,12,14,13,10,7,8,7,8,13,15,14,20,20,22,18,22,25,23,17,23,20,21,26,29,29,26,23,21,16,14,12,15,14,15,14,14,21,28,32,26,28,25,20,25,29,29,29,31,28,24,22,20,21,18,14
Belmont,Bronx,neighborhood,1,1,1,1,0,0,0,0,0,0,0,0,0,0,0,0,1,1,2,2,2,2,4,4,3,3,2,2,1,1,1,1,1,1,1,0,2,2,2,1,1,1,1,1,1,1,1,1,1,1,1,1,1,1,2,2,3,4,6,5,6,6,3,1,1,0,0,0,0,0,0,0,0,0,0,0,0,0,0,0,0,0,0,0,0,0,0,0,0,1,1,0,0,0,0,0,0,0,0,2,2,4,5,3,1,1,1,0
Bensonhurst,Brooklyn,neighborhood,5,5,9,9,8,10,12,12,14,14,12,18,19,22,31,32,36,37,30,29,31,33,25,23,21,19,22,19,18,21,20,22,16,14,14,10,12,12,12,16,20,19,17,18,19,21,18,18,18,21,22,24,21,21,21,22,26,26,17,15,12,14,18,20,25,27,28,33,34,32,25,22,16,20,27,41,38,52,47,52,48,56,46,39,35,32,37,49,52,51,59,68,76,82,74,67,70,77,98,95,107,117,123,111,118,124,118,115
Bergen Beach,Brooklyn,neighborhood,10,17,18,18,13,13,12,16,16,17,18,14,16,18,14,13,12,15,14,14,13,13,11,11,9,11,10,8,9,6,5,7,10,10,9,6,9,12,10,8,11,12,13,15,14,26,24,26,29,30,34,37,38,40,46,43,42,50,48,51,43,36,34,38,41,45,47,41,36,31,28,30,32,35,40,37,36,39,38,35,29,27,29,28,30,33,36,32,39,48,51,58,54,50,57,52,48,55,55,56,57,64,67,65,48,49,51,51
Boerum Hill,Brooklyn,neighborhood,41,45,49,47,32,41,37,32,30,30,26,23,26,29,32,36,38,38,34,33,32,28,31,30,34,38,35,35,36,31,32,26,31,29,21,21,15,24,25,33,30,26,26,21,33,33,24,18,20,18,23,37,44,37,34,29,29,37,30,46,43,49,56,68,77,81,77,71,79,90,85,70,68,64,75,85,84,94,76,75,102,105,101,95,96,83,86,89,90,87,82,68,73,77,69,60,35,39,46,50,59,56,47,42,50,52,50,43
Borough Park,Brooklyn,neighborhood,2,4,5,6,7,8,8,9,11,9,9,10,8,11,15,11,13,12,11,14,18,16,17,17,16,15,17,20,21,22,22,23,14,14,15,15,15,14,14,14,13,12,12,9,8,9,9,6,7,10,11,7,5,7,5,6,4,3,3,4,3,3,2,4,5,4,7,8,11,10,10,8,8,13,19,18,15,20,18,16,19,20,17,24,19,22,28,29,30,40,44,55,58,56,57,56,51,51,58,60,59,69,82,94,83,89,83,83
Bowne Park,Queens,neighborhood,0,0,0,0,0,0,0,0,0,0,0,0,0,0,0,0,0,0,0,0,0,0,0,0,0,0,0,0,0,0,0,0,0,0,0,0,0,0,0,0,0,0,0,0,0,0,0,0,0,0,0,0,0,0,0,0,0,0,0,0,0,0,0,0,0,0,0,0,0,0,0,0,0,0,0,0,0,0,0,0,0,0,0,0,0,0,0,0,0,0,0,0,0,0,0,0,0,0,0,0,0,0,0,0,0,0,0,0
Briarwood,Queens,neighborhood,12,39,40,38,37,38,50,53,51,52,38,34,33,32,38,45,41,39,38,32,32,30,26,29,32,26,25,25,24,28,26,24,22,29,28,32,33,34,44,47,44,44,46,49,44,41,36,35,30,33,34,36,42,46,48,43,44,41,37,35,30,32,30,32,36,42,43,38,36,34,30,23,23,27,28,24,26,23,30,28,33,33,32,37,34,28,26,25,30,50,68,63,50,49,57,49,42,49,54,53,56,57,58,46,41,45,39,31
Brighton Beach,Brooklyn,neighborhood,29,30,37,38,27,26,28,22,25,22,22,23,21,24,29,29,30,31,30,27,26,23,23,23,25,26,26,41,41,37,40,52,60,63,56,55,63,56,58,67,67,62,68,69,65,69,56,50,50,43,35,28,32,38,45,55,49,50,49,47,42,43,42,47,42,56,69,67,68,70,60,62,55,59,72,70,80,77,81,83,89,90,107,86,95,100,99,96,114,119,121,128,131,138,133,117,112,109,117,128,134,142,143,124,122,145,143,140
Bronx,Bronx,borough,575,598,632,679,612,612,610,586,582,584,560,549,615,603,679,706,791,818,797,781,725,721,741,709,706,709,750,791,796,796,822,800,793,785,759,734,750,737,795,837,850,867,853,860,843,836,812,776,785,760,814,787,821,794,801,849,841,813,778,732,730,779,832,824,847,893,895,885,851,805,774,697,671,700,727,726,723,729,681,675,687,683,655,626,610,580,642,626,657,843,925,868,714,703,682,614,607,579,646,666,704,744,735,768,762,772,757,715
Bronxwood,Bronx,neighborhood,3,3,4,5,4,4,4,5,6,8,7,6,5,5,6,6,5,6,7,6,6,7,5,5,5,4,5,6,9,12,11,11,5,4,3,5,7,7,7,4,4,5,6,7,7,7,8,7,6,5,4,5,9,8,11,10,11,11,12,13,11,11,12,11,11,11,9,10,10,7,9,4,5,10,11,13,12,13,10,18,21,23,22,16,11,12,13,14,14,19,16,12,16,14,12,14,17,14,18,19,15,12,9,10,9,8,11,12
Brooklyn,Brooklyn,borough,3184,3289,3425,3741,3556,3544,3559,3489,3620,3748,3830,3389,3448,3451,3655,3677,3699,3747,3536,3322,3373,3412,3294,3080,3021,2944,3059,3056,3040,2869,2687,2531,2557,2614,2330,2095,2171,2129,2126,2343,2509,2385,2212,2133,2175,2405,2223,1934,1997,2004,2165,2312,2487,2485,2502,2354,2639,2838,2688,2506,2583,2686,2863,3098,3217,3261,3151,2962,3246,3489,3279,2950,2856,3033,3434,3691,3814,3945,3741,3574,3869,4007,3940,3561,3510,3560,3783,3919,4310,4463,4469,4354,4439,4583,4439,3894,3958,4122,4524,4845,5217,5304,5197,4943,5263,5650,5328,4804
Brooklyn Heights,Brooklyn,neighborhood,213,242,207,225,217,208,190,170,186,194,190,154,168,192,230,235,246,249,233,207,213,204,207,181,189,192,197,209,233,199,180,167,172,165,150,141,145,118,119,125,122,111,92,81,82,92,87,70,77,80,78,98,105,102,93,79,99,108,96,77,76,87,98,117,125,129,114,103,121,146,121,92,101,103,129,159,133,128,115,101,132,139,125,101,98,117,123,144,144,147,136,112,129,141,135,103,105,118,145,149,166,168,158,139,152,165,157,135
Brookville,Queens,neighborhood,2,2,2,2,1,0,1,1,1,0,1,1,1,1,1,1,1,1,1,0,0,1,2,1,1,1,1,0,1,1,1,0,0,0,0,0,0,0,0,0,0,0,0,0,0,0,0,0,0,0,1,1,1,1,1,1,1,0,0,0,0,0,0,1,1,2,2,2,2,1,2,2,1,1,2,2,3,3,4,3,2,2,2,3,4,4,3,1,2,13,17,11,6,5,4,5,5,6,6,7,7,11,8,16,13,15,14,12
Brownsville,Brooklyn,neighborhood,3,1,3,3,3,3,6,6,6,7,6,5,6,7,9,9,11,11,12,12,13,12,14,12,11,10,9,9,7,8,7,7,7,11,9,9,7,7,6,4,6,9,6,5,5,11,11,13,13,12,12,13,15,18,17,13,12,15,14,15,18,21,19,17,19,19,19,18,17,16,17,19,12,15,14,19,23,25,24,27,25,26,23,26,32,32,23,19,26,30,38,39,33,30,28,26,29,31,33,34,32,35,38,33,32,40,41,47
Bushwick,Brooklyn,neighborhood,57,42,42,60,59,60,61,61,63,61,61,62,61,62,61,58,59,65,66,69,70,76,74,73,64,66,66,67,66,58,56,54,56,55,61,59,60,48,43,45,42,33,30,34,35,38,41,41,54,51,56,58,53,59,68,70,83,84,92,101,117,116,109,97,91,104,115,117,121,113,113,106,103,94,107,105,116,120,124,123,121,125,123,113,105,101,106,98,108,114,119,106,115,122,126,93,116,121,144,146,167,172,166,163,193,194,201,177
Cambria Heights,Queens,neighborhood,2,0,0,0,0,1,2,2,3,3,4,4,5,5,8,8,9,9,10,10,6,8,8,8,6,6,5,5,5,5,6,6,5,4,4,4,3,2,3,3,3,2,3,7,4,4,4,5,4,4,2,4,5,4,4,7,5,3,4,3,3,4,11,9,7,9,10,8,10,9,8,9,7,8,8,6,4,2,3,5,4,3,3,2,6,7,7,8,5,25,30,29,18,19,17,15,12,14,16,16,17,23,24,19,20,22,18,17
Canarsie,Brooklyn,neighborhood,28,33,55,62,71,79,77,70,66,64,58,53,53,63,58,61,59,65,65,72,76,80,70,70,72,62,71,72,68,70,68,63,61,52,42,42,45,39,43,46,49,47,43,42,39,47,44,41,44,40,48,52,61,62,60,65,63,77,88,90,95,108,114,111,114,116,104,106,101,100,99,88,84,89,103,94,96,101,95,85,85,90,97,92,92,89,98,92,107,120,142,157,118,108,112,120,117,119,125,133,136,130,125,138,139,138,146,138
Carroll Gardens,Brooklyn,neighborhood,67,62,68,101,108,94,88,80,79,85,87,87,85,91,99,100,97,99,74,62,68,78,78,66,53,54,62,80,75,61,54,38,42,77,49,40,44,42,31,44,54,51,40,43,42,49,40,32,35,30,34,36,39,45,45,36,50,58,46,40,46,46,49,75,78,71,71,66,78,72,78,60,50,61,70,77,82,84,74,70,66,73,64,49,45,50,50,54,65,61,55,54,63,62,54,44,43,42,58,74,85,83,68,65,74,83,71,59
Castle Hill,Bronx,neighborhood,2,2,2,1,3,3,3,1,1,1,1,0,0,0,0,1,2,2,2,2,1,1,2,2,1,2,2,2,1,1,1,2,1,1,1,1,1,0,0,0,0,0,0,0,1,1,2,2,2,1,1,1,1,1,1,1,1,1,0,0,1,3,2,2,3,6,4,3,3,3,2,2,2,4,4,3,1,1,0,0,1,1,1,1,1,0,3,4,6,12,13,11,6,6,14,15,13,13,16,11,15,12,14,18,14,8,5,6
Central Harlem,Manhattan,neighborhood,612,638,635,670,622,597,574,547,568,558,574,583,612,571,601,600,592,618,557,535,512,507,491,475,496,494,487,452,450,432,423,414,395,388,370,335,310,286,287,283,323,278,284,298,251,286,264,246,274,297,310,294,301,287,264,254,274,272,247,221,217,230,217,226,244,257,215,202,223,244,230,205,222,220,223,270,283,287,262,257,265,264,249,233,245,244,257,260,273,264,246,220,253,258,248,219,215,230,244,271,312,315,313,303,343,352,295,260
Central Park South,Manhattan,neighborhood,119,118,122,114,117,113,108,100,99,99,83,74,74,72,82,88,88,83,79,89,98,100,106,100,89,95,103,108,106,103,96,98,95,90,74,72,71,76,80,81,79,75,66,70,66,60,67,65,68,64,68,72,70,65,62,73,75,70,66,67,68,73,77,77,76,73,72,75,78,83,80,69,72,84,93,100,102,96,93,88,88,87,81,84,75,80,81,84,91,89,93,91,95,100,85,80,80,78,78,92,97,98,93,90,90,94,89,86
Central Queens,Queens,submarket,211,202,221,241,259,296,310,311,306,302,311,342,358,375,434,453,495,514,552,469,429,418,410,381,372,384,409,433,473,520,519,516,496,516,485,467,470,474,487,499,500,484,467,464,451,456,429,429,417,426,485,525,540,528,547,542,533,559,532,498,469,442,478,471,512,540,547,517,518,543,528,461,471,478,493,535,601,632,614,600,621,670,649,595,599,584,651,661,727,930,999,986,825,857,863,783,779,796,877,922,974,1025,1039,1120,1118,1145,1079,980
Chelsea,Manhattan,neighborhood,501,508,537,530,529,513,498,455,470,485,471,414,406,397,430,434,437,442,433,394,387,414,375,349,361,382,436,403,396,370,331,305,297,307,291,256,287,305,316,325,344,311,323,317,327,351,328,282,252,252,286,334,332,306,299,296,328,355,338,280,276,297,295,345,342,336,324,291,327,385,371,317,310,316,361,383,409,393,372,341,374,387,386,335,345,328,373,366,385,374,359,336,355,372,354,290,295,319,344,397,432,408,373,339,418,432,415,358
Chinatown,Manhattan,neighborhood,11,10,11,11,9,11,12,11,11,12,8,9,10,14,11,14,13,12,9,5,6,4,4,5,5,11,19,18,14,17,18,18,18,19,16,17,14,10,10,18,16,17,16,10,12,11,8,7,7,6,5,5,3,2,2,3,4,3,3,4,3,4,4,4,5,3,4,4,4,5,7,8,9,8,8,6,7,7,10,10,10,9,8,8,8,6,7,7,6,8,8,4,6,6,4,2,3,4,4,6,5,6,9,9,9,9,8,10
City Island,Bronx,neighborhood,4,4,1,1,0,0,0,0,0,0,0,0,0,0,0,1,1,1,1,4,5,5,6,5,6,5,5,4,4,4,5,6,6,7,10,10,12,11,10,10,12,9,9,7,8,7,10,9,8,7,7,3,4,4,4,3,4,6,5,4,3,3,3,5,4,6,7,6,6,3,6,6,7,8,12,9,19,22,21,17,20,20,17,16,15,13,10,6,6,13,17,17,15,14,12,12,16,14,18,20,21,18,19,16,19,16,18,18
Civic Center,Manhattan,neighborhood,13,11,15,12,10,9,11,12,8,6,8,8,8,11,16,16,9,8,9,6,5,3,5,8,10,9,12,14,11,12,12,12,10,10,11,11,14,13,13,15,13,8,10,11,12,12,14,11,13,13,14,11,9,6,4,6,3,4,5,4,5,5,4,5,3,1,1,3,2,3,5,4,6,5,5,8,9,10,9,7,6,7,6,3,2,5,9,10,9,8,10,8,4,5,5,2,3,3,3,4,3,3,2,2,3,4,5,4
Clearview,Queens,neighborhood,3,2,1,1,1,1,1,0,4,4,5,4,4,3,5,5,5,4,6,8,8,10,7,6,5,6,5,5,5,5,6,2,3,4,5,7,6,6,4,3,3,3,3,5,5,4,6,5,4,6,6,10,11,14,14,12,16,16,12,10,10,13,12,10,10,11,13,16,16,14,15,10,10,11,13,8,7,11,9,10,10,8,6,6,4,6,7,11,13,19,14,12,10,10,8,15,8,11,14,16,15,16,17,17,18,18,8,7
Clinton Hill,Brooklyn,neighborhood,114,103,104,130,130,145,152,145,164,168,187,171,171,167,156,184,180,181,168,149,156,163,146,131,114,100,96,100,102,92,90,90,92,101,92,73,70,77,71,98,98,90,92,83,87,93,86,71,69,69,79,81,99,92,85,75,71,80,86,74,61,69,83,101,97,92,91,79,104,118,108,92,83,91,96,95,98,91,89,83,88,89,89,90,87,86,99,114,119,98,78,73,79,73,65,61,64,65,73,92,115,119,110,101,92,106,95,81
Co-op City,Bronx,neighborhood,0,0,0,0,1,1,1,0,0,0,0,0,0,0,0,0,0,0,0,0,0,0,0,0,0,0,0,0,0,0,0,0,0,0,0,0,0,0,0,1,1,1,0,0,0,0,0,0,0,0,0,0,0,0,0,0,0,0,0,0,0,0,0,1,1,1,0,0,0,0,0,0,0,0,0,0,0,0,0,0,0,0,0,0,0,0,2,2,2,3,4,1,1,1,1,1,1,0,0,0,0,0,0,0,2,2,2,3
Cobble Hill,Brooklyn,neighborhood,41,38,38,49,44,34,37,25,26,34,39,52,43,57,63,64,72,63,61,62,76,89,82,83,86,96,99,88,83,84,63,52,54,53,46,42,44,42,36,33,27,33,34,40,42,42,38,26,29,30,35,37,36,32,29,25,34,36,32,22,19,17,25,31,34,34,31,22,27,34,27,24,20,23,31,31,40,38,32,25,35,38,28,26,20,25,30,37,51,43,38,33,45,49,45,33,31,34,34,39,42,37,28,26,41,49,42,37
College Point,Queens,neighborhood,10,10,11,14,11,10,19,17,17,11,14,8,7,11,13,12,15,16,16,13,14,13,12,10,15,17,16,14,15,16,13,10,10,9,7,7,8,6,6,6,5,3,2,2,2,1,1,1,3,3,3,3,5,3,6,9,10,9,8,8,6,6,6,5,4,4,5,6,6,6,3,5,2,3,6,11,12,15,13,12,8,9,9,10,8,9,7,7,10,28,40,36,17,18,19,19,15,18,24,26,27,24,24,34,32,32,33,29
Columbia St Waterfront District,Brooklyn,neighborhood,13,13,14,22,31,26,37,43,42,62,58,39,46,44,29,25,26,21,18,19,18,15,17,19,20,24,24,20,22,25,19,20,29,30,21,19,16,16,16,15,17,20,21,16,22,33,28,18,18,13,15,21,21,16,16,15,15,14,9,7,9,15,17,16,17,16,14,17,22,21,19,16,17,14,14,18,17,18,12,12,16,16,11,6,6,6,17,19,24,20,13,10,12,20,18,14,14,12,19,28,36,32,26,24,26,30,18,14
Concourse,Bronx,neighborhood,30,35,37,42,40,40,39,40,42,39,37,33,31,28,37,38,40,32,29,28,25,24,20,21,19,18,20,26,24,27,24,29,26,27,27,28,23,26,25,24,27,29,27,28,28,30,34,31,29,34,32,36,35,29,27,27,30,24,23,24,23,26,24,23,28,29,29,35,30,28,26,22,18,16,20,18,19,17,18,23,28,20,25,25,29,26,31,32,35,29,32,33,33,34,30,24,28,28,38,37,36,45,45,46,41,40,41,33
Coney Island,Brooklyn,neighborhood,7,7,7,10,9,10,17,15,16,17,18,16,14,12,16,16,9,9,7,8,5,5,4,6,8,7,7,11,10,11,10,13,11,9,7,6,8,11,14,19,20,25,27,33,31,36,34,34,34,23,24,28,28,24,30,31,32,28,27,20,21,27,27,28,41,39,38,39,35,34,29,26,34,30,37,39,36,36,31,37,42,44,48,51,51,49,48,46,62,63,64,62,55,63,57,54,56,62,63,75,72,79,70,68,71,70,68,64
Corona,Queens,neighborhood,6,7,8,8,9,11,8,9,11,9,11,15,14,13,15,14,14,15,17,15,12,11,10,10,10,11,13,13,14,13,14,14,16,15,18,17,16,16,15,16,18,17,19,19,17,14,13,13,12,12,11,12,14,11,11,11,10,13,13,16,14,13,13,12,13,11,10,9,10,10,12,13,16,17,12,10,10,12,14,13,18,21,22,17,19,19,19,19,16,25,28,28,17,22,24,23,22,20,28,28,29,35,34,34,34,36,27,23
Country Club,Bronx,neighborhood,2,2,3,3,2,2,1,1,1,1,0,0,0,0,1,2,2,1,1,1,1,1,1,1,1,2,2,3,3,3,3,3,3,2,2,2,3,2,2,2,3,3,3,2,2,3,3,5,5,5,5,6,4,3,4,6,4,2,2,3,4,5,3,3,2,3,4,5,4,4,4,4,4,5,4,5,5,5,4,3,4,3,1,1,3,3,3,3,3,8,7,6,2,2,2,3,4,5,3,7,9,9,8,7,9,9,6,6
Crotona Park East,Bronx,neighborhood,1,1,1,0,0,0,0,0,0,0,0,0,0,0,1,1,1,2,1,2,2,2,3,3,3,0,0,1,1,1,1,1,0,0,0,0,1,1,2,2,3,3,2,1,1,2,2,2,2,2,2,2,2,2,2,1,1,2,2,5,7,5,3,4,4,4,4,3,2,1,0,3,4,5,6,6,7,6,6,7,6,6,6,5,5,4,4,3,5,5,5,8,4,7,6,8,8,7,7,6,5,4,5,5,4,5,6,5
Crown Heights,Brooklyn,neighborhood,192,189,189,189,182,151,145,136,138,142,141,133,129,123,118,122,139,154,133,112,89,77,89,90,97,98,101,96,105,78,74,67,74,83,71,69,73,56,62,81,74,55,54,59,69,72,71,54,65,69,79,84,95,110,98,91,100,106,91,93,96,91,100,123,116,138,114,101,107,141,126,116,111,130,130,117,119,121,122,141,149,146,148,134,141,134,142,147,151,141,140,138,130,142,158,137,137,142,149,166,187,198,182,182,191,198,195,168
DUMBO,Brooklyn,neighborhood,60,62,65,69,70,71,60,57,68,70,80,75,67,68,69,84,92,112,86,76,90,121,118,114,117,120,129,134,119,103,92,69,57,51,46,39,34,47,40,50,56,61,51,46,44,47,38,35,32,38,36,29,32,36,30,27,33,34,36,38,59,69,61,68,76,76,76,71,86,89,79,79,80,84,92,83,91,91,79,67,66,65,59,55,59,65,66,70,68,62,60,57,49,50,36,32,29,29,37,45,53,50,47,41,46,49,47,34
Ditmas Park,Brooklyn,neighborhood,65,84,82,97,87,79,73,65,71,69,67,64,72,77,81,87,82,78,72,70,75,68,63,60,64,55,64,64,64,55,46,48,40,44,43,29,32,32,27,36,37,36,35,28,34,38,30,22,21,21,25,30,37,32,30,24,38,38,30,29,26,32,35,41,39,38,41,31,44,59,52,45,37,38,46,42,49,49,48,42,50,51,55,48,39,35,41,54,55,49,47,46,48,46,42,35,37,36,46,49,56,53,52,44,42,49,50,44
Douglaston,Queens,neighborhood,11,11,11,10,9,9,11,12,12,13,13,16,16,11,11,9,8,8,11,12,16,16,13,10,9,9,10,10,11,10,9,8,8,8,8,8,10,9,8,9,8,9,8,13,13,15,20,18,16,14,15,24,24,25,28,28,24,19,15,13,12,17,19,18,18,18,18,20,26,22,20,17,15,16,16,27,24,31,29,28,25,23,25,17,18,17,19,19,21,39,45,35,23,26,23,22,21,20,18,25,30,30,33,32,32,39,35,31
Downtown Brooklyn,Brooklyn,neighborhood,164,170,183,199,235,252,284,317,331,351,334,260,267,253,247,232,213,207,204,169,170,169,162,154,172,156,148,131,120,115,111,94,87,94,83,78,81,81,77,67,78,71,76,65,61,61,60,44,41,42,46,41,61,63,92,99,112,115,117,99,99,99,101,104,103,88,71,68,72,85,76,58,63,66,76,89,77,72,84,72,73,80,92,82,91,98,108,111,105,112,115,103,121,135,125,56,67,78,95,131,120,132,122,114,168,195,179,146
Dyker Heights,Brooklyn,neighborhood,10,10,10,12,11,10,13,14,16,18,17,17,18,15,18,21,19,18,18,17,15,12,8,6,5,5,9,10,8,8,8,8,9,12,13,9,6,5,9,10,14,11,9,10,8,10,11,11,17,18,20,16,20,15,13,13,17,17,18,13,17,16,20,24,20,21,20,20,23,20,19,19,18,24,34,51,49,57,51,50,51,60,61,53,50,49,47,47,48,53,70,61,65,63,61,62,63,63,69,82,92,87,88,90,90,82,79,69
East Brooklyn,Brooklyn,submarket,453,436,432,466,445,425,422,431,452,460,495,443,449,455,461,460,468,486,460,440,402,411,425,415,374,410,393,405,377,332,312,305,352,353,344,321,337,311,316,333,347,310,316,337,344,400,404,381,407,379,402,420,448,470,481,469,508,534,533,530,562,568,587,612,579,610,587,585,612,678,649,605,564,564,601,613,656,689,684,686,717,721,697,625,647,630,660,632,675,702,713,686,686,716,731,647,677,690,788,819,870,924,909,875,947,1011,996,914
East Elmhurst,Queens,neighborhood,6,3,3,3,3,2,2,2,3,3,3,4,4,3,4,4,4,4,4,3,4,4,4,5,4,3,3,1,3,5,8,7,7,7,6,6,6,5,4,4,4,2,2,3,2,2,0,0,1,1,2,2,3,4,6,6,3,3,4,4,3,4,10,9,9,8,8,9,10,8,7,6,5,1,2,5,4,5,6,7,8,12,13,12,13,16,16,13,11,24,29,25,19,16,9,8,7,8,17,20,22,21,23,28,24,19,15,13
East Flatbush,Brooklyn,neighborhood,40,40,50,56,61,68,71,52,67,68,69,63,69,69,73,71,73,84,88,88,91,86,89,89,97,87,97,97,100,96,93,91,86,85,77,73,75,71,77,76,76,70,65,61,56,62,55,48,66,70,73,70,79,84,79,82,83,85,87,88,94,94,94,96,108,103,100,93,95,88,81,79,92,105,114,122,122,129,115,107,118,126,125,122,124,124,121,119,134,154,164,171,157,173,163,155,157,171,176,162,160,163,173,176,181,195,189,164
East Harlem,Manhattan,neighborhood,77,85,95,102,109,103,108,113,111,121,112,124,117,118,120,96,105,96,92,97,87,95,99,89,90,80,80,81,84,83,79,83,85,105,89,104,101,97,87,90,88,86,71,72,60,54,54,53,53,56,56,58,60,49,53,57,56,53,45,33,32,31,27,29,41,45,50,51,64,69,67,62,72,97,88,85,117,91,78,64,69,63,75,65,70,59,69,59,59,57,56,49,58,68,62,51,68,63,60,62,71,63,59,61,60,71,69,63
East New York,Brooklyn,neighborhood,44,38,42,43,43,41,38,37,34,36,36,37,41,46,38,38,38,42,42,48,48,61,54,53,45,38,38,35,37,40,41,42,64,67,65,64,75,87,90,79,101,93,89,86,78,81,74,71,68,57,67,68,69,70,76,81,83,92,99,100,98,102,108,112,100,96,92,84,80,91,95,90,80,77,95,96,102,110,99,97,101,102,104,103,118,108,121,111,113,133,139,135,132,140,143,131,136,131,147,134,131,138,142,154,155,167,162,155
East Tremont,Bronx,neighborhood,6,6,6,6,0,0,0,0,0,1,1,1,2,2,2,2,2,3,4,3,2,2,2,2,1,1,10,11,12,12,12,9,12,11,12,12,11,10,11,11,12,11,9,8,8,7,7,7,7,2,3,3,3,3,3,3,3,2,3,3,4,5,6,9,7,8,8,6,5,4,2,2,2,2,5,4,4,5,4,4,4,2,3,4,4,4,6,6,7,10,13,12,9,11,11,8,8,5,6,8,11,10,8,8,11,10,11,10
East Village,Manhattan,neighborhood,157,155,154,166,160,158,148,159,176,167,163,161,159,161,160,168,184,170,143,127,137,146,143,126,124,125,124,132,125,123,119,101,94,97,89,82,89,97,105,125,122,130,127,116,122,117,104,91,93,101,108,107,109,108,113,119,119,130,109,93,86,93,91,96,105,107,99,93,87,93,92,76,85,90,133,153,152,160,142,144,158,153,155,132,138,135,151,158,152,153,145,124,142,146,143,146,160,143,142,158,179,166,146,133,131,148,146,127
Eastchester,Bronx,neighborhood,0,0,0,0,0,0,0,0,0,0,0,0,0,0,0,0,0,0,0,0,0,0,0,0,1,1,2,2,2,3,3,2,2,2,2,2,1,1,3,4,4,4,4,3,1,2,3,3,4,4,6,3,3,2,4,4,1,1,1,0,0,0,0,0,1,2,2,2,1,1,2,2,2,4,2,1,1,1,0,0,0,1,1,0,1,1,1,2,2,2,0,0,2,2,2,2,2,3,3,3,4,4,6,7,7,7,7,5
Edenwald,Bronx,neighborhood,0,1,1,1,2,2,3,3,3,3,3,3,4,4,4,4,4,4,3,3,3,2,3,1,1,1,1,1,0,0,0,0,0,0,0,0,1,2,2,2,2,2,1,2,4,3,3,3,2,2,2,2,2,2,2,1,2,1,2,11,11,12,14,10,4,4,5,6,6,7,8,5,4,5,5,5,4,3,2,4,3,4,4,4,3,3,6,6,6,16,18,15,7,6,3,4,5,5,4,4,4,6,5,5,7,11,11,12
Elmhurst,Queens,neighborhood,4,3,4,5,7,15,18,19,17,16,15,13,13,13,15,13,15,15,18,17,15,14,16,12,11,13,13,22,25,25,23,29,23,22,22,19,20,20,15,13,12,9,8,8,9,9,11,16,15,16,19,19,21,21,23,20,19,15,35,26,14,17,19,18,30,41,26,24,25,24,23,20,17,18,16,14,15,12,12,12,17,26,23,25,23,22,27,24,34,66,79,61,44,40,35,35,29,32,36,43,46,58,63,80,88,80,73,71
Financial District,Manhattan,neighborhood,415,420,444,434,406,375,398,405,444,440,420,414,426,407,440,443,444,462,438,387,367,391,382,364,352,361,368,364,377,372,378,359,378,362,347,316,322,322,335,340,361,338,314,271,257,262,270,255,270,268,289,280,297,271,278,269,291,377,333,292,310,319,341,364,336,335,329,308,323,342,325,286,289,319,343,364,396,385,362,359,376,365,342,317,320,331,357,356,369,378,361,331,359,377,345,302,299,305,313,331,385,369,344,365,397,409,374,324
Flatbush,Brooklyn,neighborhood,38,43,65,70,70,75,87,82,91,88,86,73,84,86,79,82,88,88,76,72,66,68,70,65,61,59,53,45,43,42,41,36,43,41,41,44,45,43,40,42,43,43,42,41,32,36,34,30,32,32,34,32,41,40,40,44,50,51,50,43,41,45,49,55,58,60,61,57,51,47,55,50,74,79,76,78,71,75,81,76,87,82,71,66,63,62,69,72,79,80,90,101,95,89,85,73,69,64,80,93,94,98,97,100,117,117,112,101
Flatiron,Manhattan,neighborhood,258,255,259,264,264,276,269,251,265,286,284,254,256,261,279,252,244,230,215,221,226,231,229,205,209,216,231,229,220,213,193,192,201,197,192,170,168,170,215,231,239,215,205,191,218,230,203,181,195,186,198,198,204,195,186,178,192,208,191,177,181,195,198,209,232,223,214,189,233,258,270,240,245,266,282,299,315,309,302,292,323,314,305,274,254,245,268,271,290,286,272,259,279,299,299,276,281,290,298,291,306,307,290,269,294,322,298,258
Flatlands,Brooklyn,neighborhood,3,4,5,8,10,12,12,17,16,16,14,14,15,16,17,17,16,18,19,21,24,24,19,21,23,22,23,20,19,21,22,22,20,15,13,14,14,11,14,11,11,14,15,21,14,18,16,17,18,19,15,17,19,18,19,20,22,28,29,36,38,38,43,44,39,40,43,42,42,51,47,52,46,51,51,50,50,43,47,44,37,30,26,23,25,21,23,19,27,27,33,40,37,32,37,37,45,44,43,46,58,52,46,45,38,39,28,24
Floral Park,Queens,neighborhood,0,0,0,0,0,0,0,0,0,0,0,0,0,0,0,0,0,0,0,0,0,0,0,0,0,0,2,1,0,0,0,0,0,0,0,0,0,0,0,0,0,0,0,0,0,0,0,1,1,1,1,0,0,0,2,3,4,1,1,1,1,1,1,1,1,1,3,3,4,2,0,0,1,1,1,1,1,1,1,2,3,2,1,1,0,0,1,1,0,1,1,2,3,3,2,1,1,2,0,0,2,1,1,1,1,1,1,1
Flushing,Queens,neighborhood,90,90,89,91,106,102,106,76,75,78,74,95,87,91,100,100,97,96,103,78,76,84,82,78,69,80,88,90,108,103,100,84,85,65,115,108,107,122,113,95,79,61,45,38,38,31,33,35,30,88,90,89,91,108,103,111,113,108,81,52,48,52,72,78,87,93,86,99,97,92,89,68,110,103,78,74,78,58,56,121,126,129,124,80,115,143,161,155,157,248,238,195,147,121,114,99,102,115,136,168,188,212,208,213,212,210,196,182
Fordham,Bronx,neighborhood,1,0,0,3,4,4,4,5,5,1,1,1,1,1,1,1,1,1,1,3,4,5,6,7,7,6,4,4,3,4,5,6,6,6,8,8,7,7,8,6,3,3,3,3,3,3,4,4,4,3,2,2,2,2,2,3,2,1,3,4,5,6,6,7,6,4,5,5,5,5,5,1,0,3,6,6,5,6,5,6,7,5,4,4,4,4,5,5,7,10,10,8,7,4,5,4,4,5,9,8,10,10,8,12,13,14,11,8
Forest Hills,Queens,neighborhood,55,52,57,61,88,111,119,119,120,108,115,124,143,159,188,198,214,227,231,186,180,178,169,156,154,161,173,174,181,201,205,204,205,219,204,188,199,195,211,216,206,193,186,184,179,198,190,188,186,191,230,245,238,239,252,254,245,267,256,235,225,220,237,226,232,237,238,215,207,221,233,207,210,219,235,235,253,278,265,253,261,254,253,240,231,230,256,266,287,312,315,331,294,306,296,267,286,296,307,327,329,347,352,357,335,337,321,281
Fort Greene,Brooklyn,neighborhood,151,160,158,138,114,102,97,99,91,126,127,111,104,98,87,90,88,86,75,81,69,69,66,61,61,66,68,69,69,64,57,70,80,85,70,62,59,52,54,55,60,54,56,52,47,51,49,39,36,35,39,49,45,44,50,51,59,66,49,38,42,46,50,57,72,65,52,48,68,73,68,59,56,59,60,59,69,71,59,54,53,62,53,49,45,44,42,43,47,46,48,40,49,56,42,37,35,40,45,48,55,60,57,51,61,66,60,54
Fresh Meadows,Queens,neighborhood,2,2,2,2,1,2,2,2,2,2,1,1,1,1,2,2,3,3,3,2,2,2,1,1,1,2,3,2,2,1,1,1,0,0,0,0,0,0,1,1,1,1,1,0,1,3,3,3,4,3,2,3,4,5,3,3,4,3,3,2,4,3,3,3,3,4,5,5,7,6,2,1,3,3,4,4,5,7,7,6,7,7,10,8,6,8,9,8,12,16,15,20,13,7,8,7,8,9,11,14,16,13,12,11,11,14,16,19
Gerritsen Beach,Brooklyn,neighborhood,0,0,0,1,2,3,4,4,5,5,3,3,3,4,4,4,6,5,5,5,6,3,4,4,4,6,7,5,5,7,5,6,6,4,4,4,5,6,5,5,5,4,3,2,2,1,3,3,3,8,8,7,3,6,6,5,7,10,8,9,9,9,11,13,12,12,10,11,8,10,9,7,11,14,13,16,12,9,7,7,6,5,5,5,5,5,5,4,4,7,14,17,23,20,19,20,19,17,21,17,23,27,32,35,29,31,26,25
Glen Oaks,Queens,neighborhood,5,3,3,5,4,6,6,5,5,8,7,7,8,8,7,7,7,7,9,6,8,11,12,11,12,9,8,7,5,5,6,7,7,6,6,15,30,34,29,29,28,27,31,24,20,8,9,6,7,5,5,5,5,6,8,9,7,8,10,9,10,16,31,29,29,32,31,29,24,17,15,12,11,13,12,24,30,41,38,32,23,23,22,17,15,19,22,33,32,30,25,23,21,16,13,18,21,18,21,19,23,22,17,17,18,19,18,17
Glendale,Queens,neighborhood,4,2,1,1,1,1,2,2,2,3,3,3,3,3,6,6,7,8,9,6,7,6,6,7,6,3,3,4,5,9,6,3,1,1,2,1,1,2,2,2,3,4,4,4,4,3,2,2,5,7,9,11,9,10,10,9,10,10,4,3,5,5,9,8,8,10,13,15,13,13,10,11,7,8,7,15,20,22,19,12,17,19,22,20,20,19,25,21,32,50,50,53,44,38,42,47,48,46,53,53,50,52,48,51,58,65,59,54
Gowanus,Brooklyn,neighborhood,139,140,150,147,131,116,115,98,86,86,81,78,73,71,60,53,55,53,51,47,40,44,43,32,33,24,24,26,16,13,10,8,8,9,8,5,5,9,13,9,14,13,14,12,12,15,16,15,11,16,21,21,15,16,16,16,14,10,17,17,14,17,17,15,13,13,14,11,14,18,14,9,8,14,22,26,24,25,19,19,19,17,20,19,12,18,22,18,16,21,18,18,19,24,29,23,28,23,28,26,34,38,38,31,28,29,22,16
Gramercy Park,Manhattan,neighborhood,168,189,197,189,192,203,204,187,191,214,206,190,186,204,223,233,246,251,247,217,216,216,198,183,196,211,229,221,197,191,180,153,140,163,148,137,136,151,155,176,181,156,155,154,155,171,153,151,168,151,166,169,175,158,154,129,157,166,147,130,139,140,147,154,136,128,118,112,109,115,101,85,100,116,136,156,149,153,150,127,165,171,165,140,140,145,174,162,177,178,166,157,222,210,184,174,186,201,193,220,219,210,198,208,255,285,262,219
Gravesend,Brooklyn,neighborhood,31,37,41,57,57,52,49,52,49,49,45,45,44,42,63,66,68,72,63,66,71,63,62,61,59,55,56,57,57,56,70,73,55,48,39,42,66,55,59,74,83,97,78,72,73,67,69,70,72,73,70,70,64,61,64,62,75,81,72,70,64,55,55,60,51,54,54,53,47,44,36,39,40,58,68,86,80,105,97,99,100,112,93,81,85,94,88,84,95,112,135,149,147,165,165,153,171,170,177,173,186,197,201,190,197,205,202,200
Greenpoint,Brooklyn,neighborhood,94,100,110,139,126,129,124,146,144,150,165,144,143,120,124,117,101,95,106,108,114,103,94,86,85,70,79,70,65,61,51,44,43,54,57,44,40,39,39,47,55,57,45,62,58,67,61,42,41,38,35,49,44,51,58,52,54,48,41,36,41,46,46,46,57,59,59,57,63,60,52,39,38,43,57,80,82,107,106,100,109,111,110,104,107,108,115,105,109,112,143,144,143,121,111,94,99,104,98,118,137,132,133,117,127,127,113,100
Greenwich Village,Manhattan,neighborhood,330,342,352,340,324,313,301,269,286,309,290,259,276,278,279,282,285,272,269,239,270,276,281,249,241,256,272,274,276,267,239,230,240,246,232,200,223,233,236,266,273,247,246,210,216,240,235,299,292,312,341,368,381,343,333,317,350,360,349,320,326,350,363,371,378,368,354,331,361,404,362,323,313,309,327,336,334,314,298,255,265,285,262,204,210,214,249,264,272,268,253,225,256,278,253,219,232,236,267,321,359,336,297,271,300,339,329,277
Greenwood,Brooklyn,neighborhood,52,46,59,66,42,36,43,38,43,40,59,53,53,54,62,62,66,66,64,62,69,56,58,58,57,47,51,47,46,46,43,40,36,38,32,28,25,21,27,25,21,23,21,16,20,21,18,11,13,12,9,12,25,25,21,15,17,23,22,21,13,23,32,37,38,42,37,35,44,47,45,40,34,35,38,44,46,39,40,31,42,41,56,44,36,37,46,40,38,49,46,44,47,66,58,63,55,60,65,58,62,63,54,47,49,56,57,49
Hamilton Heights,Manhattan,neighborhood,120,122,128,124,114,111,106,109,113,112,111,101,102,102,97,102,99,100,107,88,94,91,88,83,82,82,87,91,102,108,101,95,93,83,84,79,84,76,73,75,79,74,73,66,75,68,66,66,69,63,73,78,86,96,94,88,90,95,97,86,82,79,65,66,59,63,57,52,60,61,58,57,59,59,56,56,51,49,55,43,47,52,50,46,55,56,65,71,78,77,62,51,57,65,65,58,61,69,69,65,68,66,58,60,70,80,82,75
Highbridge,Bronx,neighborhood,3,3,3,2,2,1,1,1,3,4,4,4,4,4,4,5,6,6,6,5,5,5,2,2,3,4,6,7,6,6,2,1,1,2,2,2,2,1,4,4,4,3,3,2,2,3,2,3,3,5,6,5,4,3,3,6,6,6,8,8,8,9,12,9,11,11,12,15,12,13,13,13,12,10,8,11,11,9,9,8,9,14,12,9,13,9,8,9,11,14,12,11,12,13,12,11,10,8,8,10,9,11,14,19,16,15,12,11
Hillcrest,Queens,neighborhood,3,3,3,2,1,2,3,5,4,4,2,1,1,1,1,1,1,1,4,4,5,5,5,4,2,1,1,1,2,1,3,2,1,1,2,2,2,2,2,2,2,2,2,2,1,1,2,2,1,1,2,1,1,1,3,2,2,1,2,3,2,2,1,1,0,1,2,2,1,1,2,2,1,3,3,3,2,3,4,4,4,4,5,2,5,8,8,11,14,17,19,18,14,16,13,15,14,18,16,16,17,24,25,24,24,25,26,23
Hollis,Queens,neighborhood,0,0,0,0,0,0,0,0,0,0,0,0,0,0,0,0,0,0,0,0,0,1,2,2,2,1,1,3,2,1,1,1,1,0,0,0,0,0,2,3,3,3,3,3,6,8,7,8,6,4,1,2,4,3,3,4,6,7,5,4,4,5,6,4,4,2,3,2,3,5,5,5,4,5,8,10,10,10,11,7,5,6,6,7,8,8,8,6,7,16,22,23,17,20,16,19,17,20,22,18,14,15,20,21,23,23,17,16
Howard Beach,Queens,neighborhood,6,7,8,7,6,6,8,7,8,8,7,7,9,10,12,17,17,18,24,24,21,20,13,11,10,9,11,11,10,14,13,14,14,16,16,17,14,12,14,15,12,10,11,8,8,5,6,5,4,7,9,10,10,11,11,13,16,16,11,12,10,9,8,10,9,10,9,14,12,15,16,16,16,17,13,14,16,20,22,20,22,20,26,26,22,27,33,28,29,54,60,57,45,48,41,36,33,42,48,46,46,41,35,38,37,38,37,33
Hunts Point,Bronx,neighborhood,0,0,0,0,0,0,0,0,0,0,0,0,0,0,0,0,0,0,0,0,0,0,0,0,0,0,0,0,0,0,0,0,0,0,0,0,1,1,1,2,3,1,2,2,2,2,1,1,0,0,0,1,1,1,2,2,3,2,1,0,0,0,0,1,0,0,0,0,0,0,0,0,0,0,1,1,1,1,0,1,1,0,0,0,0,0,0,0,1,3,4,3,1,1,1,0,0,0,1,2,2,2,2,3,4,4,4,3
Inwood,Manhattan,neighborhood,59,50,52,58,57,58,64,64,65,61,59,52,59,67,80,80,84,79,76,73,89,80,76,74,71,76,79,78,69,71,70,68,64,60,61,57,50,48,53,63,61,63,62,63,63,57,51,42,43,40,39,46,51,47,52,48,42,44,38,36,33,36,29,31,46,52,40,37,42,45,42,36,39,34,33,27,29,27,26,27,24,24,22,20,13,14,20,24,24,27,27,30,24,30,32,31,36,30,28,31,33,40,39,35,41,42,37,32
Jackson Heights,Queens,neighborhood,63,60,61,70,67,66,71,71,68,77,73,68,64,69,72,73,88,85,105,96,95,97,91,85,90,89,96,97,115,119,113,118,116,111,101,98,96,108,103,103,115,119,108,107,111,105,93,91,85,84,77,88,95,84,80,90,93,93,77,75,78,77,72,75,88,92,95,91,101,101,100,85,91,77,79,94,114,116,118,117,117,140,131,118,119,116,119,123,126,160,171,158,134,137,142,128,128,127,134,139,157,152,152,171,175,199,197,172
Jamaica,Queens,neighborhood,11,15,14,9,10,11,11,9,8,7,7,9,7,8,13,12,13,14,14,14,15,17,16,21,19,18,14,13,13,12,11,9,7,8,8,7,4,3,3,4,6,7,9,9,9,14,14,14,12,12,11,7,9,8,11,10,13,15,19,21,20,23,19,18,18,21,21,19,18,16,20,16,16,18,17,18,20,16,19,20,22,21,22,16,22,28,27,24,27,52,58,59,32,28,27,23,27,27,38,44,46,42,41,46,41,43,50,48
Jamaica Estates,Queens,neighborhood,4,6,7,19,16,23,22,29,25,23,23,23,22,22,23,23,25,24,26,13,11,9,4,6,6,7,9,9,12,12,10,12,11,9,10,10,10,11,10,7,5,6,5,5,5,5,7,9,12,14,15,14,12,13,15,14,10,13,10,14,11,8,6,6,9,9,6,10,12,15,16,16,11,12,16,15,15,22,19,20,23,22,22,22,23,22,30,30,31,48,52,52,44,48,43,32,27,30,36,31,34,36,34,44,49,47,50,38
Jamaica Hills,Queens,neighborhood,5,5,4,1,1,0,0,2,3,2,1,1,0,1,2,2,2,2,3,1,0,0,0,2,2,4,3,2,2,2,1,1,2,1,1,2,1,1,1,2,1,1,2,2,2,1,1,0,1,1,1,1,2,3,4,7,7,7,7,7,10,8,8,9,9,8,10,8,5,5,5,4,5,9,9,8,7,7,9,9,8,6,7,5,7,7,8,11,12,24,24,21,12,16,20,18,16,15,10,11,14,17,20,18,21,26,21,21
Kensington,Brooklyn,neighborhood,63,60,65,71,69,71,65,65,75,80,84,80,72,64,77,71,74,73,74,81,73,70,64,58,63,64,70,85,81,87,77,74,63,67,63,59,51,56,51,62,58,50,39,39,43,46,45,37,38,38,43,50,51,53,46,38,43,50,48,40,39,43,47,56,71,63,50,44,56,57,53,51,50,46,49,47,63,67,52,48,53,53,48,51,46,53,56,72,93,107,100,89,93,97,88,71,69,81,87,97,106,107,108,95,99,133,120,105
Kew Gardens,Queens,neighborhood,22,24,26,24,24,25,29,31,27,24,31,32,40,43,47,51,58,54,65,51,46,42,37,31,33,32,34,39,40,42,43,37,33,33,33,30,40,43,51,51,50,45,40,44,48,51,48,50,55,53,54,57,58,65,75,74,74,75,82,75,67,77,74,72,75,77,75,81,76,79,82,77,73,76,73,59,65,66,62,63,58,60,60,52,50,47,46,50,52,61,74,80,75,76,68,71,68,61,69,71,69,66,75,76,79,82,81,76
Kew Gardens Hills,Queens,neighborhood,23,23,24,29,23,22,25,28,26,24,27,28,29,27,28,22,27,26,30,29,28,30,28,26,24,25,24,22,22,22,24,24,18,15,14,14,13,14,17,20,17,14,15,14,13,15,15,14,15,18,21,24,26,29,30,36,38,35,37,37,37,34,40,45,39,39,37,35,33,31,32,27,30,37,42,43,41,35,40,33,36,33,39,35,27,30,32,29,39,71,84,75,61,59,62,61,65,71,79,72,66,77,81,83,78,77,78,74
Kingsbridge,Bronx,neighborhood,8,12,11,16,17,18,19,17,20,20,22,21,18,19,23,22,23,25,24,23,22,20,21,18,17,19,21,23,25,24,23,24,26,25,22,20,20,14,18,22,22,20,21,21,22,24,20,20,22,23,23,24,23,22,24,27,24,26,21,16,15,19,22,22,16,22,19,21,19,20,15,10,12,8,8,9,11,12,11,12,17,23,26,28,28,24,24,25,27,32,31,31,25,21,24,20,23,24,27,27,26,27,25,25,26,32,34,27
Laconia,Bronx,neighborhood,4,4,3,4,4,4,3,1,1,0,0,0,0,0,0,2,2,2,2,2,1,1,1,1,1,0,1,1,1,1,1,1,1,0,0,0,0,0,0,0,0,0,0,0,0,1,2,2,4,4,3,2,2,2,2,2,1,1,2,3,3,2,3,3,2,2,1,2,1,2,4,3,3,3,3,3,3,2,4,4,3,3,2,2,4,3,3,3,2,10,14,10,3,3,6,8,8,7,8,7,6,8,10,9,8,9,9,8
Laurelton,Queens,neighborhood,5,5,4,3,2,2,2,3,3,3,2,2,2,3,3,3,3,2,4,2,2,2,2,2,4,5,5,5,6,5,4,4,6,7,6,6,6,5,4,5,6,5,5,6,6,5,4,4,3,3,3,3,5,5,5,5,5,5,4,4,4,6,8,10,7,8,10,11,14,13,11,11,7,8,12,12,11,9,11,5,4,7,7,10,13,16,20,18,24,37,38,35,30,36,36,31,30,31,37,36,28,33,39,46,36,45,43,43
Little Italy,Manhattan,neighborhood,7,7,6,6,9,9,8,11,10,8,8,8,7,9,11,11,13,13,12,13,12,10,12,8,8,9,10,10,12,10,13,14,14,12,10,7,8,11,15,13,7,11,10,10,10,10,8,9,10,11,8,8,7,5,7,4,4,7,14,13,7,11,14,12,13,12,11,12,13,13,11,13,14,14,16,14,16,21,11,10,10,12,10,10,11,8,9,9,11,8,7,8,10,10,10,8,8,9,7,7,7,8,8,10,10,9,9,9
Little Neck,Queens,neighborhood,15,14,11,20,20,22,23,18,19,23,23,18,18,18,17,21,22,23,23,12,11,11,11,12,14,11,9,14,13,11,10,10,7,6,7,6,7,7,7,8,9,6,9,10,11,10,13,11,13,12,13,10,14,15,10,9,13,12,12,13,11,12,13,18,18,20,26,28,29,23,18,18,27,26,29,24,29,23,22,19,17,15,13,13,14,18,19,14,15,31,30,26,21,18,17,15,14,12,18,17,21,19,15,17,19,21,23,19
Long Island City,Queens,neighborhood,147,155,154,162,163,179,178,152,164,157,151,161,159,172,166,213,217,219,214,196,201,206,173,159,182,165,182,179,176,168,151,145,131,124,126,107,128,127,126,137,140,127,127,112,97,97,83,75,76,75,91,101,103,103,107,100,95,98,85,81,85,88,96,112,94,122,132,124,131,139,130,132,134,122,137,150,137,139,130,131,124,142,168,152,158,182,197,202,215,218,203,211,192,167,148,125,127,166,191,217,241,227,237,236,243,265,191,172
Longwood,Bronx,neighborhood,1,1,2,2,1,1,1,1,1,1,1,1,1,1,1,1,2,2,2,2,1,1,1,1,1,1,1,3,3,3,3,3,1,1,1,0,0,0,0,0,0,0,0,0,0,0,0,0,0,0,0,0,2,4,3,4,4,4,3,3,3,4,4,1,1,1,1,3,2,2,2,2,2,2,2,1,0,0,0,0,0,2,2,1,1,2,2,2,4,3,4,4,2,1,1,1,1,0,1,1,0,0,2,4,6,7,7,6
Lower East Side,Manhattan,neighborhood,105,116,126,129,190,205,177,158,144,151,151,141,138,131,129,159,158,178,156,168,172,176,157,150,144,138,147,140,146,141,187,182,120,114,109,96,99,103,100,108,110,94,94,97,97,92,82,70,69,70,77,71,90,71,69,63,80,90,73,67,53,66,77,89,87,88,80,89,101,95,88,75,77,92,95,104,102,109,113,107,139,141,156,139,140,137,152,173,170,185,158,154,164,163,171,144,151,156,156,203,232,192,191,213,197,241,223,191
Manhattan,Manhattan,borough,10021,10315,10889,11104,10902,10780,10302,9903,10311,10564,10153,9436,9570,9757,10410,10481,10519,10399,9921,9240,9522,9767,9475,8746,8999,9243,9728,9572,9569,9146,8650,8136,8072,8171,7721,7067,7254,7450,7769,8236,8432,7735,7220,6719,6904,7395,6800,6161,6434,6608,7076,7423,7708,7343,7141,6675,7359,7882,7332,6595,6576,6922,7239,7755,7769,7696,7277,6756,7280,7822,7280,6510,6585,7065,7727,8215,8420,8304,7724,7167,7765,7978,7651,6817,6960,7131,7774,8034,8385,8297,7863,7276,8004,8438,7971,7069,7276,7607,8142,9000,9644,9360,8899,8436,9251,9932,9307,8193
Manhattan Beach,Brooklyn,neighborhood,0,0,0,0,3,3,3,2,2,3,3,3,3,4,4,5,3,2,2,1,1,1,2,2,2,4,4,3,4,4,4,5,7,7,6,7,5,5,4,6,10,10,9,12,10,9,8,7,13,11,11,10,12,15,16,14,12,16,15,10,10,12,16,15,16,16,17,18,18,15,18,17,16,15,19,20,21,20,24,25,26,24,29,23,17,18,21,20,22,22,22,28,31,33,34,28,24,23,27,31,34,33,33,32,37,36,30,27
Manhattanville,Manhattan,neighborhood,3,3,4,4,3,3,3,3,2,0,0,0,0,0,1,1,1,1,1,1,1,1,1,1,1,1,1,0,1,2,3,3,3,3,2,2,2,2,1,1,1,0,0,0,0,0,0,0,1,2,2,2,0,0,1,1,0,0,0,0,0,0,0,0,1,0,1,1,1,3,2,1,0,1,1,1,1,1,0,0,0,1,1,1,1,1,1,1,2,3,2,1,0,0,1,1,0,1,2,2,1,1,0,0,1,1,0,0
Marble Hill,Manhattan,neighborhood,1,0,0,0,0,0,0,0,0,0,0,1,1,1,0,0,0,0,0,0,0,0,0,0,1,1,1,1,0,0,0,0,0,0,0,0,0,0,0,0,0,0,0,0,0,1,1,1,1,1,1,1,1,1,0,0,0,0,0,0,0,0,0,1,1,1,0,0,0,0,0,0,0,0,0,0,0,0,0,0,0,0,1,1,1,1,1,0,0,0,0,0,0,0,0,0,1,1,2,2,2,1,2,2,1,1,1,3
Marine Park,Brooklyn,neighborhood,4,8,8,10,12,11,14,11,12,18,18,13,13,13,17,18,19,19,19,19,23,28,25,22,15,13,13,13,15,17,17,17,20,16,16,14,14,10,11,12,15,20,18,15,11,11,10,7,7,9,13,11,11,11,14,13,15,13,12,12,15,18,20,24,27,30,31,32,35,40,39,36,31,35,40,39,36,41,33,33,38,36,32,25,29,29,32,38,42,42,47,55,56,57,55,48,43,49,45,50,61,68,73,83,71,60,57,49
Maspeth,Queens,neighborhood,8,8,9,9,7,7,8,11,11,13,12,11,7,7,9,11,13,13,13,11,10,9,8,8,8,9,16,18,17,16,17,11,8,6,10,11,8,6,6,7,8,7,5,7,5,6,7,7,6,6,8,12,8,12,14,9,7,8,7,10,15,9,10,11,16,19,11,12,14,14,11,9,13,17,19,24,28,24,23,25,19,22,21,21,21,22,18,26,35,56,70,65,45,45,49,44,42,41,63,67,76,75,67,70,70,67,67,69
Melrose,Bronx,neighborhood,0,0,0,0,0,0,0,0,0,0,0,0,0,0,1,1,1,1,1,1,1,1,1,0,0,0,0,0,0,0,0,0,0,0,0,0,1,1,1,1,1,2,1,3,4,2,2,2,1,1,1,0,0,0,0,0,0,1,1,1,2,2,2,2,2,1,1,0,0,0,0,0,0,0,0,0,0,0,0,0,2,2,2,1,1,0,0,0,2,2,2,2,2,4,4,3,3,3,3,2,2,2,1,2,1,2,2,2
Middle Village,Queens,neighborhood,6,7,9,9,4,5,4,2,2,3,4,4,4,4,5,6,7,8,5,3,4,4,7,8,10,10,8,8,7,7,9,10,10,10,9,9,8,7,8,8,10,10,9,9,9,4,3,6,5,8,11,14,14,14,17,17,15,14,12,11,9,6,12,15,14,14,19,15,14,13,13,11,10,11,14,17,20,18,16,18,20,21,19,20,22,19,21,17,24,37,47,44,37,38,40,37,36,36,39,34,35,36,34,38,39,42,38,37
Midtown,Manhattan,neighborhood,311,311,318,326,311,296,283,281,291,307,278,252,251,257,267,255,262,243,232,223,241,241,237,227,241,274,299,299,332,339,332,315,317,310,291,274,289,290,303,301,299,227,216,187,191,201,184,180,182,184,214,231,231,210,238,248,295,307,291,283,283,289,301,327,328,332,322,305,329,361,336,332,349,340,347,366,368,364,352,315,320,339,333,322,321,316,332,343,349,343,347,312,336,336,329,311,299,316,335,347,364,353,361,361,380,388,373,354
Midtown East,Manhattan,neighborhood,1259,1333,1393,1437,1404,1401,1360,1287,1330,1366,1327,1234,1243,1301,1390,1391,1369,1367,1335,1276,1293,1344,1302,1203,1218,1215,1264,1280,1282,1219,1174,1111,1106,1113,1065,984,1020,1051,1078,1128,1125,1054,1004,908,939,1020,935,820,829,855,904,935,955,907,865,801,873,924,875,790,787,833,890,962,931,888,855,805,857,918,886,792,779,830,904,926,927,916,879,837,923,929,921,810,833,855,929,971,1026,1021,995,923,1003,1031,943,848,878,956,1072,1169,1234,1208,1159,1108,1194,1240,1156,1043
Midtown South,Manhattan,neighborhood,97,96,122,111,113,132,123,125,122,116,109,92,95,88,93,88,123,113,114,114,122,121,113,114,137,134,109,108,93,97,97,96,90,92,89,78,82,83,80,75,65,65,66,67,66,66,73,59,58,68,70,60,64,63,70,62,66,84,81,81,70,63,71,89,95,99,100,92,102,102,97,88,94,102,109,109,118,125,120,124,124,119,110,110,108,110,98,104,98,106,88,88,90,89,78,72,76,81,93,94,89,87,90,77,89,95,92,74
Midtown West,Manhattan,neighborhood,454,491,549,565,581,558,529,521,539,522,492,451,445,449,466,458,455,443,435,428,426,415,414,387,402,385,396,368,354,325,286,264,266,278,266,245,231,216,208,238,254,228,206,204,215,242,215,182,202,224,243,251,269,272,267,274,310,305,291,274,267,272,307,328,332,328,290,277,296,301,287,270,279,340,357,353,372,353,324,309,345,361,358,355,368,350,396,367,369,387,375,383,393,415,369,323,342,336,368,384,397,373,366,355,382,413,376,348
Midwood,Brooklyn,neighborhood,29,27,31,34,30,33,39,35,31,32,32,35,36,34,36,34,32,42,40,41,39,43,41,46,41,39,40,41,46,43,41,35,34,31,31,29,30,35,32,34,35,33,28,20,21,23,24,27,30,27,35,38,41,40,41,39,40,33,33,29,35,40,39,39,37,46,48,48,41,40,42,38,41,47,54,45,52,50,62,50,46,50,57,51,52,48,56,67,77,81,99,104,108,121,122,117,115,121,125,126,130,120,124,115,108,122,112,106
Mill Basin,Brooklyn,neighborhood,22,23,24,24,6,7,7,6,6,6,6,7,7,9,9,9,9,9,10,11,12,13,12,13,11,10,9,10,12,13,13,14,12,12,10,9,10,10,13,13,13,12,10,10,11,20,21,21,21,26,30,31,35,35,37,39,39,41,43,43,45,45,43,46,48,47,44,42,39,39,39,38,43,46,41,50,48,52,51,49,39,39,38,32,35,30,27,28,39,35,36,37,34,32,49,45,47,46,46,46,48,52,58,52,49,50,45,47
Morningside Heights,Manhattan,neighborhood,55,58,66,77,78,79,68,64,73,80,77,68,67,69,81,94,98,88,88,74,80,82,83,71,73,69,77,84,79,76,75,77,76,58,59,53,56,55,63,61,61,58,54,43,40,39,33,34,42,55,53,53,63,57,56,43,39,45,47,38,33,33,43,42,41,42,44,38,43,42,41,35,33,38,50,54,61,61,56,47,55,47,42,35,34,34,31,33,39,49,48,48,52,48,39,33,38,43,38,50,58,61,62,45,49,59,63,49
Morris Heights,Bronx,neighborhood,0,0,0,0,0,0,0,0,0,0,0,0,1,1,1,1,2,1,1,1,1,2,2,2,2,2,2,2,2,2,2,2,2,2,1,2,2,7,6,6,5,5,5,5,5,5,5,5,5,6,6,6,6,6,1,2,1,0,1,1,1,1,0,0,0,1,1,1,1,1,0,0,0,1,1,1,1,0,0,1,1,1,2,2,1,1,1,1,0,3,4,3,1,0,1,1,2,2,6,4,3,3,2,2,4,4,3,2
Morris Park,Bronx,neighborhood,22,20,19,22,11,18,18,20,20,19,13,13,10,10,10,11,12,13,13,14,15,18,14,16,16,17,16,16,16,21,17,19,19,18,20,17,17,19,21,24,25,25,26,24,25,25,20,19,19,18,18,13,15,12,13,12,16,17,13,12,10,13,15,14,18,18,15,13,13,12,16,16,17,16,13,13,14,13,10,12,11,10,11,9,12,8,8,10,11,14,18,15,13,14,16,16,11,11,14,17,15,16,14,16,14,13,12,14
Morrisania,Bronx,neighborhood,2,3,3,3,3,3,3,3,3,3,4,4,4,3,3,3,3,3,3,3,3,3,2,2,2,2,2,3,2,3,3,3,2,3,3,2,1,1,0,0,1,2,3,4,4,4,5,4,3,2,1,1,1,1,1,1,1,2,2,4,5,3,8,8,8,9,9,8,6,7,4,3,3,2,2,2,1,2,1,2,3,6,6,5,4,4,5,5,8,8,8,10,8,8,7,7,9,10,7,6,7,7,7,6,7,6,6,7
Mott Haven,Bronx,neighborhood,6,6,6,6,6,7,7,7,2,3,3,3,4,4,4,2,3,5,5,5,5,5,5,4,3,3,3,4,4,4,4,4,4,4,4,2,2,2,2,1,2,2,3,4,3,4,3,4,4,4,4,3,2,2,2,1,1,2,2,2,3,4,4,4,3,2,3,5,6,5,7,6,5,4,5,6,7,10,11,10,11,7,4,3,4,3,3,3,4,2,2,3,3,5,4,5,10,9,10,7,7,11,13,12,17,14,16,15
NYC,,city,14704,15200,15987,16614,16178,16120,15725,15140,15688,16026,15712,14548,14769,14981,16010,16248,16456,16466,15884,14782,14978,15275,14782,13740,13899,14040,14751,14601,14674,14101,13431,14138,14235,14405,13525,12402,12711,12767,13156,13946,14293,13380,12607,11971,12120,12671,12062,10914,11222,11444,12295,12868,13472,13091,12939,12314,13243,13812,12862,11806,11851,12401,13211,14005,13955,13951,13102,12382,13145,13873,13032,11650,11648,12326,13489,14337,14751,14821,13971,13255,14187,14606,14203,12749,12818,13090,14218,14587,15596,16960,16962,16079,16051,16684,15957,14217,14468,15081,16398,17734,19029,19077,18527,18004,19189,20465,19289,17246
New Hyde Park,Queens,neighborhood,2,2,1,1,0,0,0,0,0,0,1,1,2,2,2,1,1,1,2,1,1,0,0,0,0,0,0,1,1,1,1,1,0,0,0,0,0,0,0,0,0,0,0,0,0,0,0,0,0,0,0,0,0,0,1,1,3,2,2,1,1,1,1,0,0,0,1,1,1,1,1,2,2,2,2,2,1,0,0,0,0,0,0,0,1,2,3,2,2,3,2,1,0,2,2,1,2,1,1,0,0,0,0,0,1,1,0,0
Nolita,Manhattan,neighborhood,35,35,35,31,27,21,17,16,15,12,9,8,5,5,5,6,8,7,7,5,7,9,13,10,12,17,17,15,11,9,6,7,6,6,6,30,20,15,10,6,5,5,6,7,9,10,9,5,10,10,12,11,18,17,18,22,26,21,19,21,19,21,18,17,17,20,20,18,22,28,23,22,19,14,15,23,28,29,29,29,26,24,23,17,15,18,23,32,32,28,30,29,34,34,33,31,33,27,35,38,45,42,43,35,41,37,35,28
North Brooklyn,Brooklyn,submarket,555,575,592,669,608,602,579,630,611,613,680,559,582,540,522,493,464,445,411,389,408,390,364,335,331,316,303,274,267,234,202,190,178,218,201,160,155,146,165,196,217,201,184,201,228,237,213,164,153,151,176,201,201,202,224,210,264,272,235,230,239,252,286,307,340,349,351,316,360,377,345,284,285,313,378,406,445,488,468,432,479,478,466,414,400,422,459,461,482,485,482,445,430,405,385,330,360,345,360,398,450,465,474,419,453,465,423,392
North Corona,Queens,neighborhood,5,7,8,10,8,9,8,10,6,6,7,7,9,9,8,8,7,8,11,8,8,10,9,7,7,6,7,13,14,14,14,8,9,10,8,25,22,22,22,19,21,20,22,24,24,21,15,14,14,14,15,17,16,14,14,14,15,12,4,5,5,5,5,6,14,14,12,10,12,10,7,7,7,8,13,11,8,11,11,10,10,18,20,17,16,15,16,16,18,23,23,24,15,14,20,17,19,19,22,17,21,23,24,28,40,38,32,31
Northeast Queens,Queens,submarket,266,294,292,312,304,318,364,317,313,313,296,319,321,329,348,363,381,369,417,346,335,340,318,298,299,293,301,309,334,327,324,294,273,260,305,308,330,349,352,341,310,271,264,268,267,244,262,247,248,311,341,378,429,484,526,536,553,500,445,400,382,408,448,475,504,518,529,553,542,506,480,398,462,464,474,492,525,514,498,533,529,533,553,449,439,481,530,524,591,964,1064,960,703,683,662,628,600,617,687,745,794,827,828,823,814,860,832,762
Northwest Brooklyn,Brooklyn,submarket,1010,1052,1050,1137,1121,1098,1104,1070,1112,1220,1222,1064,1062,1077,1081,1112,1119,1121,1016,913,939,987,958,881,892,885,901,910,891,805,726,646,660,704,596,528,524,520,492,538,568,542,517,472,487,531,479,377,378,379,413,458,507,493,498,461,539,619,577,516,526,572,612,708,751,724,672,617,736,811,741,624,611,642,728,786,777,776,702,642,718,754,710,638,626,660,708,763,791,760,709,636,710,755,687,532,518,542,643,744,826,794,723,656,755,844,762,635
Northwest Queens,Queens,submarket,302,332,352,360,394,410,413,372,391,352,400,356,303,308,294,366,373,401,422,427,414,430,379,350,352,323,353,295,301,282,276,264,239,244,236,201,220,215,210,230,242,227,228,210,190,201,194,182,182,190,212,221,220,236,240,231,226,222,211,194,197,204,225,242,222,287,290,289,301,294,276,251,254,229,244,277,265,280,263,261,259,284,309,277,273,307,336,335,352,410,402,399,359,365,335,283,299,340,397,465,488,487,478,489,527,568,480,412
Norwood,Bronx,neighborhood,1,1,0,0,0,0,0,2,4,6,6,6,6,4,4,3,3,7,7,9,11,10,10,10,10,10,5,5,6,3,5,4,8,9,9,9,9,10,11,10,7,6,8,8,6,4,5,4,4,4,5,5,4,6,7,7,6,6,5,5,5,6,6,8,7,10,10,7,5,4,5,2,1,3,3,4,5,6,5,6,4,3,2,1,1,0,3,3,3,3,5,6,5,5,6,5,3,4,3,5,5,6,6,5,6,6,3,5
Oakland Gardens,Queens,neighborhood,11,13,13,16,15,16,15,13,13,14,14,12,14,13,11,14,15,16,21,15,10,10,13,9,9,11,12,10,8,12,11,11,11,11,10,9,9,8,7,8,3,5,7,8,10,12,13,10,9,11,11,20,28,30,32,28,25,24,26,27,25,34,32,29,34,35,37,37,29,26,25,20,24,21,21,26,27,25,21,17,20,18,23,15,12,15,21,16,21,46,59,60,36,36,33,37,38,36,49,52,49,48,55,49,53,58,63,57
Ocean Parkway,Brooklyn,neighborhood,20,20,17,20,20,18,17,17,18,17,16,17,19,21,22,23,25,23,28,27,24,24,24,24,22,18,20,22,54,58,59,62,28,24,30,30,44,40,24,25,28,30,25,23,20,19,21,16,15,15,17,20,23,26,26,25,26,26,22,23,28,29,29,29,28,29,26,28,31,27,27,24,26,23,26,26,29,33,28,32,37,42,43,38,41,40,42,40,49,54,56,56,61,62,60,56,69,67,64,67,65,69,71,71,77,86,76,75
Old Mill Basin,Brooklyn,neighborhood,1,1,2,3,4,4,5,6,7,7,6,4,4,4,2,2,3,3,3,3,3,3,2,2,2,2,1,0,1,2,3,5,5,5,4,4,4,3,3,4,6,5,4,3,3,4,4,5,6,5,7,7,6,6,8,8,6,7,6,9,8,9,11,10,7,10,13,13,11,7,7,10,11,12,12,9,8,8,6,8,5,5,6,5,6,10,10,9,9,12,13,12,12,14,15,11,10,9,7,5,8,10,9,13,13,15,12,12
Ozone Park,Queens,neighborhood,2,2,2,3,3,3,2,2,2,5,5,4,4,4,7,6,5,5,4,4,4,4,4,3,2,2,1,1,2,3,4,5,5,5,4,4,4,4,4,3,2,2,2,2,2,3,3,3,2,2,2,2,3,4,3,3,3,3,3,3,4,4,10,12,10,9,8,7,8,7,6,7,6,5,4,5,5,4,3,2,4,4,6,7,8,11,8,10,11,22,27,19,14,15,15,10,11,11,10,12,13,16,13,11,13,17,20,15
Park Slope,Brooklyn,neighborhood,332,339,361,372,346,333,336,312,338,322,294,272,284,276,334,341,353,371,351,302,314,318,311,256,240,228,278,279,278,256,243,195,229,242,198,149,149,165,176,218,244,208,164,134,155,173,152,119,118,125,161,187,196,176,159,122,158,171,144,119,135,139,162,186,217,204,173,133,174,195,171,149,143,151,178,223,222,199,187,167,249,266,245,208,204,195,228,266,304,289,223,172,220,228,199,145,132,179,207,246,280,264,236,196,263,323,252,185
Parkchester,Bronx,neighborhood,23,23,22,25,24,22,24,24,22,30,31,28,28,29,20,22,23,23,23,20,18,18,19,18,16,15,12,12,5,4,4,5,6,8,7,8,11,11,11,12,12,9,8,6,7,15,19,25,21,22,23,18,19,16,18,18,19,15,17,19,18,23,24,20,21,21,19,15,13,16,13,13,11,23,21,12,7,8,8,6,9,12,13,12,10,5,9,10,10,19,23,22,12,10,7,8,9,8,11,9,10,8,8,5,7,7,7,6
Pelham Bay,Bronx,neighborhood,3,1,0,1,2,4,5,5,3,3,2,2,1,2,3,5,3,3,3,4,3,4,3,3,3,3,4,3,2,3,3,4,5,6,6,6,7,8,10,11,10,10,7,6,7,5,4,6,7,7,7,6,3,4,5,5,6,7,6,5,5,4,6,6,6,9,9,10,9,6,4,3,3,2,1,3,4,4,3,4,4,3,2,2,1,2,3,3,4,4,5,9,5,7,6,5,4,5,9,10,8,5,7,10,9,9,8,6
Pelham Gardens,Bronx,neighborhood,1,2,3,4,4,4,4,2,2,1,1,1,1,1,2,2,2,3,2,2,2,2,1,0,0,0,0,0,0,2,1,2,2,2,2,2,2,2,2,2,3,4,3,4,1,2,3,3,3,2,1,1,1,0,0,0,0,0,0,0,0,0,0,0,1,2,2,3,1,2,1,1,2,2,2,2,2,1,2,2,2,1,1,2,2,2,2,0,1,6,8,10,4,3,2,2,3,4,5,7,7,10,11,12,9,8,6,3
Pelham Parkway,Bronx,neighborhood,0,0,0,0,0,0,0,0,0,0,0,0,0,0,0,0,0,0,0,0,0,0,0,0,0,0,0,0,0,0,0,0,0,0,0,0,0,0,0,1,1,1,1,0,0,0,0,0,0,0,0,0,0,0,0,0,1,1,1,1,0,0,0,0,0,0,0,0,0,0,0,0,0,0,0,0,0,0,0,0,0,0,0,0,0,0,0,0,0,0,0,0,0,0,0,0,0,0,0,0,0,0,0,0,0,0,0,0
Pomonok,Queens,neighborhood,3,3,3,2,3,1,2,2,3,2,2,3,3,4,3,3,3,3,4,4,3,3,3,3,2,2,3,3,2,2,2,2,2,2,2,2,2,2,2,3,2,2,2,2,1,1,1,1,2,2,2,2,3,3,4,6,5,2,2,2,2,0,0,0,0,2,1,1,1,2,1,0,1,2,3,2,3,1,0,0,7,8,8,8,3,2,1,2,2,7,9,8,5,5,6,7,10,9,12,13,11,9,10,10,7,15,15,13
Port Morris,Bronx,neighborhood,0,0,0,0,0,0,0,0,0,0,0,0,0,0,0,0,0,0,0,0,0,1,1,2,2,2,2,1,0,0,0,0,0,0,0,0,0,0,0,0,0,0,0,0,0,0,0,0,0,0,0,0,0,0,0,0,0,0,0,0,0,0,0,0,0,0,0,0,0,0,0,0,0,0,0,0,0,0,0,0,0,1,1,1,1,1,1,0,0,0,0,0,0,0,0,0,0,1,1,1,1,1,1,1,1,1,0,0
Prospect Heights,Brooklyn,neighborhood,117,119,119,118,108,103,97,89,97,115,112,99,98,95,107,111,113,109,131,116,115,123,111,101,104,92,88,86,89,98,81,68,75,80,72,59,56,64,61,67,78,72,53,42,51,63,55,50,47,51,53,52,54,51,61,48,70,71,59,45,36,44,41,50,59,65,104,97,118,127,138,131,122,113,126,136,145,151,133,131,127,134,136,129,113,112,107,113,119,121,99,72,85,79,82,64,69,72,83,119,116,111,100,94,131,141,124,105
Prospect Lefferts Gardens,Brooklyn,neighborhood,24,28,28,29,26,35,36,33,35,34,48,27,32,32,36,39,42,41,37,37,49,45,45,45,43,42,45,38,30,26,27,21,30,31,32,33,33,28,27,23,38,42,27,23,26,29,28,29,29,27,26,27,36,35,33,26,20,17,23,18,22,26,28,27,29,31,25,23,23,32,35,31,28,34,36,30,34,30,24,23,30,30,27,22,21,23,23,24,27,33,36,34,40,34,22,22,25,32,39,47,45,47,42,37,40,40,43,42
Prospect Park,Brooklyn,submarket,513,535,560,583,550,542,539,496,537,535,518,449,464,460,555,570,579,594,584,512,544,552,533,459,445,420,479,473,469,447,404,337,391,416,354,285,280,300,304,349,407,357,278,225,261,301,258,220,217,221,268,306,334,313,307,243,298,317,272,217,226,250,278,318,354,344,342,285,353,407,388,348,323,326,377,432,457,440,400,369,450,483,457,402,381,374,404,453,521,509,419,329,411,410,363,278,268,340,395,496,526,489,436,383,500,576,490,385
Prospect Park South,Brooklyn,neighborhood,6,6,6,6,8,9,10,10,11,12,13,9,10,12,12,14,13,12,12,11,13,13,10,10,9,7,11,11,13,13,11,10,12,15,13,11,16,14,10,10,13,11,11,3,8,10,7,7,9,7,9,10,11,14,15,14,14,15,13,10,9,9,8,9,7,10,9,7,10,10,9,7,8,8,7,7,8,9,9,6,6,9,8,10,9,14,14,8,9,9,13,11,15,14,12,9,10,28,28,31,27,19,14,11,15,15,20,15
Queens,Queens,borough,875,936,972,1026,1053,1132,1204,1116,1118,1073,1111,1119,1080,1116,1196,1307,1374,1415,1544,1369,1292,1311,1216,1146,1134,1111,1169,1139,1214,1236,1221,1181,1114,1131,1132,1084,1119,1125,1143,1162,1140,1068,1052,1047,1012,1012,1000,968,952,1035,1150,1241,1312,1383,1459,1462,1476,1441,1351,1264,1225,1239,1359,1404,1473,1585,1625,1624,1618,1613,1549,1355,1414,1415,1483,1583,1670,1718,1707,1722,1739,1814,1843,1640,1649,1729,1908,1885,2088,3082,3361,3173,2479,2503,2418,2227,2213,2343,2610,2763,2936,3065,3079,3225,3260,3440,3238,2945
Queens Village,Queens,neighborhood,1,1,1,1,0,0,0,0,0,1,1,1,1,1,1,1,1,1,1,2,0,1,1,1,1,1,1,1,1,0,0,1,1,2,2,3,3,3,2,2,2,2,2,3,4,7,9,8,8,10,11,10,11,15,15,14,14,9,7,10,10,15,18,18,16,16,17,19,15,16,12,14,13,13,12,11,14,14,15,16,18,18,25,24,24,22,20,19,20,46,63,55,38,40,39,39,38,42,46,43,47,51,52,48,44,48,36,33
Queensboro Hill,Queens,neighborhood,0,0,0,0,0,0,0,0,0,0,0,0,0,0,0,0,0,0,0,0,0,0,0,0,0,0,0,0,0,0,0,0,0,0,0,0,0,0,0,0,0,0,0,0,0,0,0,0,0,0,0,0,0,0,0,0,0,0,0,0,0,0,0,0,0,0,0,0,0,0,0,0,0,0,0,0,0,0,0,0,0,0,0,0,0,0,0,0,0,0,0,0,0,0,0,0,0,0,0,0,0,0,0,0,0,0,0,0
Red Hook,Brooklyn,neighborhood,7,17,14,10,9,9,7,4,9,14,13,14,12,7,9,9,12,12,12,8,7,7,8,10,13,15,19,18,16,18,18,12,8,10,10,8,11,12,10,9,12,12,15,13,15,15,13,9,10,8,7,8,10,10,8,9,23,61,59,58,58,58,55,56,59,59,61,61,65,65,66,65,65,63,63,64,62,64,63,64,68,70,68,66,67,68,65,64,62,63,66,68,71,68,69,69,67,62,63,62,61,19,22,22,17,20,21,16
Rego Park,Queens,neighborhood,15,16,19,23,21,27,29,26,27,28,30,32,35,35,55,63,62,62,63,47,37,32,37,32,29,35,40,50,53,70,72,71,68,72,64,56,58,64,72,80,70,72,79,75,65,71,69,65,60,60,70,68,78,79,81,85,89,94,92,79,70,60,56,59,56,61,76,74,69,77,69,51,53,54,50,57,67,78,79,83,78,74,64,51,56,52,68,68,73,97,96,107,103,107,104,82,73,79,87,95,103,117,128,144,147,140,131,120
Richmond Hill,Queens,neighborhood,0,0,0,0,1,1,1,0,1,1,1,1,1,1,1,2,2,2,2,1,0,0,0,0,0,0,1,1,2,2,2,2,2,4,4,4,5,4,5,5,5,4,5,4,3,6,6,6,5,3,4,5,3,4,5,6,4,2,4,5,6,5,7,9,10,10,12,12,8,11,11,10,5,7,8,4,6,4,4,2,2,3,6,7,8,13,16,16,18,34,40,33,27,19,22,24,16,16,15,22,26,29,26,24,23,26,21,20
Ridgewood,Queens,neighborhood,19,16,20,21,22,21,20,17,15,14,16,44,45,44,43,42,42,42,41,42,14,13,13,14,14,14,13,12,15,19,17,15,12,13,10,9,9,7,10,9,6,5,3,4,7,7,8,10,10,10,11,12,15,14,16,10,11,11,12,21,18,17,19,12,16,18,18,20,22,22,16,19,17,18,22,22,22,23,24,27,26,29,28,31,30,28,37,40,42,45,44,42,30,44,52,49,44,48,39,38,45,47,54,57,52,61,54,53
Riverdale,Bronx,neighborhood,401,418,450,468,424,417,416,402,396,400,383,382,457,448,505,517,589,617,596,580,538,531,545,522,527,529,554,582,595,589,613,584,584,578,558,540,548,538,581,617,611,626,624,617,603,592,571,535,547,528,581,567,602,599,603,646,624,601,569,509,498,511,549,549,582,597,596,593,590,551,517,489,480,482,488,488,483,480,450,423,405,386,355,338,325,316,347,337,355,382,394,361,355,359,333,289,274,268,276,294,315,334,323,326,322,322,324,307
Rockaway All,Queens,neighborhood,32,34,33,36,26,27,32,30,30,29,27,23,23,24,25,27,23,25,25,21,18,19,17,17,17,14,16,16,15,17,16,16,18,17,14,15,13,12,10,10,10,12,16,20,19,16,19,14,15,11,16,20,23,25,25,23,24,27,33,31,33,34,33,36,62,63,65,67,67,58,53,47,42,33,50,63,66,70,104,96,85,78,75,67,75,78,86,80,104,111,118,114,106,107,103,101,100,102,104,97,114,127,114,123,132,139,137,123
Roosevelt Island,Manhattan,neighborhood,40,42,32,28,22,24,27,16,6,7,6,5,6,10,8,7,9,9,9,11,12,9,9,7,7,7,7,8,8,4,1,2,3,5,6,5,3,4,2,3,5,5,3,3,3,5,2,0,2,4,9,10,9,10,10,10,15,11,7,7,8,6,7,10,16,32,28,15,17,21,16,13,11,8,8,7,13,16,20,14,14,16,22,23,15,15,17,19,18,13,16,11,12,13,11,11,11,13,14,15,14,27,24,22,22,23,23,21
Rosedale,Queens,neighborhood,0,0,0,0,0,0,0,0,0,0,0,0,0,0,0,0,0,0,0,1,1,2,1,1,0,1,2,2,2,2,2,2,2,2,2,2,2,1,1,1,2,2,2,2,2,2,3,4,4,5,5,7,5,6,6,5,5,5,5,4,4,6,7,8,11,12,12,12,11,11,11,9,9,8,9,13,13,14,17,16,14,15,12,14,15,14,17,10,14,19,31,27,15,10,7,7,4,8,13,14,17,15,19,25,23,24,23,17
Schuylerville,Bronx,neighborhood,0,1,2,2,2,2,2,0,0,0,0,0,0,0,0,2,2,2,4,5,3,3,3,2,2,3,2,2,5,5,5,5,4,1,1,0,1,1,1,1,1,1,0,0,0,0,1,2,2,2,2,2,1,1,1,1,2,2,1,1,1,1,2,2,1,1,1,1,1,1,1,0,0,3,3,3,5,5,4,3,3,3,4,6,6,7,8,5,5,9,12,11,9,7,8,7,6,6,6,9,9,9,7,7,6,5,4,5
Seagate,Brooklyn,neighborhood,2,2,3,3,3,3,4,3,3,2,2,2,1,2,2,3,4,4,6,6,6,6,5,4,4,3,4,4,4,4,3,1,1,0,0,0,0,0,1,3,4,4,9,9,10,10,9,9,10,10,13,14,12,9,11,10,7,9,9,11,11,10,13,13,13,11,12,14,15,14,14,12,7,7,12,17,23,27,29,30,29,28,23,21,19,20,22,19,21,24,26,26,26,24,25,23,24,17,20,21,23,24,25,25,25,23,22,19
Sheepshead Bay,Brooklyn,neighborhood,86,83,91,98,95,103,108,101,103,103,98,104,104,123,142,151,155,157,153,150,151,159,162,158,145,138,162,156,164,174,182,179,180,157,130,133,146,149,150,157,171,168,166,175,166,182,153,138,137,150,150,146,156,166,153,151,141,150,159,155,166,153,150,152,152,158,140,126,140,161,153,144,124,149,171,183,181,175,173,166,177,195,240,235,237,233,249,259,292,297,313,340,307,337,341,319,317,301,313,305,317,328,334,333,322,329,330,317
Soho,Manhattan,neighborhood,191,186,207,218,209,206,185,168,199,196,186,166,157,184,187,185,192,182,187,189,180,179,166,155,161,150,162,159,184,182,175,171,135,143,137,124,129,120,121,128,127,120,110,102,110,176,176,176,177,179,172,186,202,200,201,183,184,186,198,150,143,145,159,159,162,171,166,148,154,166,151,157,165,181,181,191,199,191,171,161,198,196,183,161,170,173,191,192,189,185,174,166,174,206,199,173,171,167,173,194,223,223,200,189,210,246,248,216
Soundview,Bronx,neighborhood,5,7,6,7,7,8,7,6,7,7,8,6,6,5,3,2,3,3,3,4,4,7,10,10,11,8,12,11,10,10,11,11,8,7,7,7,7,9,10,14,10,9,9,10,9,14,12,12,12,11,10,11,10,9,10,9,10,12,11,12,13,17,17,18,20,18,23,15,13,11,13,12,13,13,16,15,15,15,16,18,16,15,14,17,20,23,29,30,28,34,35,29,28,24,22,21,17,12,18,18,23,21,22,29,29,26,23,26
South Brooklyn,Brooklyn,submarket,653,691,791,886,832,877,915,862,908,920,915,874,891,919,1036,1042,1069,1101,1065,1068,1080,1072,1014,990,979,913,983,994,1036,1050,1042,1052,975,922,834,799,873,850,847,924,967,972,915,896,853,935,868,791,841,873,905,926,995,1005,991,970,1028,1093,1068,1010,1026,1041,1097,1149,1188,1228,1193,1153,1180,1211,1151,1085,1069,1184,1346,1450,1475,1546,1482,1440,1502,1568,1608,1480,1451,1470,1547,1604,1834,2002,2139,2252,2195,2290,2266,2100,2126,2196,2329,2378,2529,2616,2639,2597,2598,2745,2650,2474
South Jamaica,Queens,neighborhood,6,7,7,5,6,9,11,9,7,7,7,8,7,7,6,7,6,8,10,8,11,12,11,13,10,10,10,10,9,10,9,9,7,8,9,9,9,6,6,3,6,6,5,7,7,6,5,4,4,7,5,8,6,8,10,10,8,6,7,7,12,13,14,11,8,7,7,10,6,10,13,13,14,17,19,15,10,10,10,8,13,17,17,19,21,21,20,12,16,49,66,58,43,50,42,42,51,55,61,59,67,71,72,67,70,74,69,59
South Ozone Park,Queens,neighborhood,1,1,1,1,3,3,3,1,1,0,0,0,0,0,0,0,1,2,3,3,3,1,1,1,1,1,1,1,0,0,0,0,0,0,0,0,0,0,0,0,0,1,1,1,3,4,3,3,3,3,3,4,5,5,4,4,6,6,5,6,5,5,7,6,7,5,8,7,6,7,9,8,9,7,10,12,13,13,13,15,17,13,12,15,13,9,8,12,11,33,33,25,12,12,12,13,12,13,15,14,14,16,16,18,19,15,17,18
South Queens,Queens,submarket,64,74,74,77,70,81,85,86,78,77,77,79,75,80,95,98,102,106,128,106,96,104,92,100,94,97,90,86,91,90,86,91,88,94,92,93,86,75,84,82,78,74,77,85,85,95,96,96,90,97,96,97,100,109,120,129,139,131,129,140,143,150,174,179,172,176,193,198,190,212,212,198,185,211,222,216,213,222,228,231,244,248,256,251,263,279,305,284,313,665,776,712,484,488,454,431,434,488,545,534,564,597,618,668,668,724,701,648
South Richmond Hill,Queens,neighborhood,1,2,2,2,2,2,2,1,1,0,1,1,1,1,1,1,1,1,2,3,3,3,3,3,3,3,2,2,2,2,2,2,3,3,3,3,3,3,5,5,6,6,4,6,5,5,5,5,5,5,6,4,4,4,4,4,4,4,5,7,6,5,5,5,4,5,8,9,11,13,11,8,5,9,9,8,8,11,11,10,11,11,9,8,10,9,10,8,10,24,25,24,10,9,7,5,6,13,16,15,16,13,13,15,22,25,25,26
Springfield Gardens,Queens,neighborhood,2,2,2,3,3,2,2,2,2,3,4,4,4,5,5,4,4,4,6,4,5,6,7,6,8,8,7,6,6,6,7,8,8,11,11,10,10,7,9,9,5,4,3,2,2,2,3,3,3,2,2,2,4,5,8,8,11,9,10,11,13,12,14,13,12,12,13,11,8,10,10,13,12,18,16,17,16,15,11,16,14,18,17,11,12,14,17,18,15,39,40,34,22,19,21,25,27,32,42,40,40,42,42,51,56,64,72,70
St. Albans,Queens,neighborhood,9,12,12,12,8,10,12,12,9,10,8,7,7,7,8,5,5,7,11,10,10,12,11,11,11,12,8,7,10,7,6,9,9,8,6,7,7,8,8,9,9,10,12,13,12,11,10,9,9,8,9,8,7,8,8,10,12,12,13,14,14,16,18,20,20,23,25,26,26,30,30,25,27,30,31,27,24,27,25,35,38,38,36,35,28,27,31,30,35,75,83,86,62,60,55,64,74,82,77,73,77,89,103,120,111,125,115,114
Staten Island,Staten Island,borough,49,51,59,55,49,46,44,46,57,57,58,55,56,54,70,77,73,87,86,70,66,64,56,59,39,33,45,43,55,54,51,1490,1699,1704,1583,1422,1417,1326,1323,1368,1362,1325,1270,1212,1186,1023,1227,1075,1054,1037,1090,1105,1144,1086,1036,974,928,837,712,708,736,774,917,923,648,515,153,152,148,143,149,137,121,111,116,118,121,122,115,113,124,121,111,103,87,88,109,121,154,272,340,404,409,447,440,407,406,422,463,448,509,581,578,588,580,579,560,497
Stuyvesant Town/PCV,Manhattan,neighborhood,0,0,0,0,0,0,0,0,0,0,0,0,0,0,0,0,0,0,0,0,0,0,0,0,0,0,0,0,0,0,0,0,0,0,0,0,0,0,0,0,0,0,0,0,0,0,0,0,0,0,0,0,0,0,0,0,0,0,0,0,0,0,0,0,0,0,0,0,0,0,0,0,0,0,0,0,0,0,0,0,0,0,0,0,0,0,0,0,0,0,0,0,0,0,0,0,0,0,0,0,0,0,0,0,0,0,0,0
Sunnyside,Queens,neighborhood,12,14,24,31,27,30,30,29,39,23,22,22,20,17,29,30,33,29,28,28,29,33,27,24,25,26,28,27,35,35,35,35,24,29,24,23,23,26,27,26,29,29,32,24,15,13,17,15,8,12,16,21,24,32,35,35,31,33,36,31,31,31,35,31,30,40,39,37,38,41,41,30,30,24,21,33,36,33,29,23,27,28,28,23,24,28,29,31,32,47,46,47,43,44,36,29,31,34,42,50,51,48,42,47,51,59,52,37
Sunset Park,Brooklyn,neighborhood,38,39,39,45,37,38,39,38,38,47,50,48,49,40,45,46,51,51,43,47,47,50,43,43,43,39,38,37,38,39,40,34,32,34,26,29,26,33,31,27,25,28,29,25,23,25,20,18,18,23,22,22,25,23,20,20,26,30,31,27,23,21,24,26,31,35,32,29,32,30,24,22,23,30,30,37,36,39,40,41,51,49,48,47,46,42,47,48,57,72,73,77,76,68,69,64,64,66,71,65,80,85,91,93,97,99,100,87
The Rockaways,Queens,submarket,32,34,33,36,26,27,32,30,30,29,27,23,23,24,25,27,23,25,25,21,18,19,17,17,17,14,16,16,15,17,16,16,18,17,14,15,13,12,10,10,10,12,16,20,19,16,19,14,15,11,16,20,23,25,25,23,24,27,33,31,33,34,33,36,62,63,65,67,67,58,53,47,42,33,50,63,66,70,104,96,85,78,75,67,75,78,86,80,104,111,118,114,106,107,103,101,100,102,104,97,114,127,114,123,132,139,137,123
Throgs Neck,Bronx,neighborhood,5,7,8,8,6,5,5,5,5,5,5,3,2,2,3,5,4,4,3,3,2,2,3,2,2,4,5,5,7,7,9,9,8,10,8,8,6,6,3,3,4,4,4,5,6,7,9,9,9,8,10,9,11,9,9,9,5,4,4,5,6,7,8,8,7,9,8,9,6,11,10,10,10,10,10,11,10,14,12,10,16,16,20,21,18,18,17,18,18,46,61,56,31,24,24,25,25,18,16,19,27,30,29,30,29,34,31,29
Tremont,Bronx,neighborhood,2,3,3,4,2,2,2,1,1,1,1,1,2,2,2,3,4,2,2,2,1,1,1,1,1,1,1,0,0,0,0,0,1,1,2,2,3,4,4,4,4,4,3,1,1,1,1,1,1,1,1,1,1,0,1,3,4,5,5,3,3,3,4,4,3,6,6,5,5,5,4,2,1,1,2,4,4,7,6,7,7,8,9,8,6,6,7,3,3,4,8,15,15,16,15,15,12,10,10,9,8,7,7,7,5,4,4,3
Tribeca,Manhattan,neighborhood,339,347,352,329,298,277,243,214,198,210,200,184,184,186,224,230,227,228,238,207,238,296,285,280,280,295,314,312,329,303,285,274,257,232,212,207,206,206,276,310,380,370,374,363,364,384,369,355,369,352,365,373,355,386,387,371,412,430,406,376,369,362,374,409,426,416,402,375,407,426,402,372,387,402,445,479,483,476,426,393,387,379,335,299,319,328,344,351,373,355,321,296,329,346,348,323,325,349,377,399,402,387,357,355,389,391,386,344
University Heights,Bronx,neighborhood,23,17,17,15,12,15,15,12,13,15,14,16,16,15,18,19,22,22,22,20,16,11,14,14,12,15,19,21,21,16,19,17,17,19,16,14,15,14,14,13,19,17,15,13,13,12,9,8,10,11,14,15,14,10,9,7,12,11,13,13,15,18,17,19,16,18,21,17,19,13,14,12,6,8,12,12,12,12,13,14,12,12,13,12,8,7,14,14,12,13,14,12,7,8,11,11,11,12,13,13,14,15,16,17,16,16,15,15
Upper East Side,Manhattan,neighborhood,2200,2296,2463,2520,2467,2417,2294,2195,2308,2385,2345,2190,2207,2262,2398,2415,2419,2360,2221,2031,2151,2233,2160,1985,2099,2160,2355,2322,2303,2180,2068,1924,1959,2037,1937,1757,1856,1946,1929,2017,2023,1872,1646,1528,1594,1722,1560,1398,1465,1487,1588,1669,1698,1610,1545,1426,1608,1742,1579,1447,1476,1548,1613,1710,1734,1700,1558,1394,1491,1640,1485,1341,1343,1469,1620,1725,1745,1766,1600,1455,1538,1655,1589,1417,1467,1571,1658,1757,1817,1771,1669,1529,1672,1781,1711,1542,1588,1708,1823,2000,2156,2086,1934,1784,1986,2142,2016,1798
Upper West Side,Manhattan,neighborhood,1467,1458,1536,1609,1603,1606,1513,1454,1515,1575,1465,1335,1393,1481,1608,1656,1642,1627,1487,1372,1431,1451,1423,1265,1308,1390,1447,1405,1381,1272,1135,1044,1067,1101,1050,928,954,1001,1085,1168,1204,1089,971,897,966,1030,903,757,837,891,966,1043,1129,1084,1005,866,989,1113,1029,911,917,1002,1044,1157,1132,1120,1091,1005,1076,1131,1014,862,836,901,1035,1128,1130,1120,1019,942,1067,1132,1034,888,915,958,1064,1149,1234,1215,1133,1018,1124,1217,1129,972,1006,1032,1107,1292,1350,1345,1304,1196,1291,1424,1358,1158
Utopia,Queens,neighborhood,4,3,1,1,0,0,0,0,0,2,1,1,1,1,1,1,1,1,1,0,0,0,0,0,1,0,0,0,1,1,2,2,2,3,3,2,2,2,2,2,3,2,2,1,0,0,0,0,0,0,0,0,0,0,0,0,0,0,0,0,1,1,1,1,1,0,0,0,0,0,1,1,2,2,1,1,1,0,1,2,0,0,0,0,0,1,2,3,5,8,10,9,8,7,7,6,4,5,6,5,5,5,4,5,4,4,3,4
Van Nest,Bronx,neighborhood,1,1,0,1,1,1,1,1,1,1,1,1,1,1,1,1,1,1,0,0,0,0,1,1,1,1,1,0,0,0,0,0,0,0,0,0,0,0,1,1,2,2,1,1,1,4,5,4,4,4,5,5,3,2,2,4,6,5,4,5,5,3,2,1,1,3,4,5,4,4,6,6,4,4,4,5,3,5,3,4,6,8,8,8,8,9,7,5,6,7,10,9,4,5,9,8,8,9,8,8,9,7,5,4,4,3,5,5
Wakefield,Bronx,neighborhood,2,3,3,4,4,4,4,2,2,2,2,1,0,1,6,5,2,2,2,2,2,4,4,4,3,4,4,5,6,5,7,7,7,8,6,7,6,6,6,6,6,5,5,4,4,4,4,4,5,4,5,6,6,5,6,5,8,9,7,7,10,15,17,17,16,17,18,16,15,18,17,13,11,12,13,15,19,16,10,6,8,12,12,14,15,19,18,20,13,24,28,26,13,8,11,10,11,13,15,13,14,18,18,17,20,26,25,29
Washington Heights,Manhattan,neighborhood,220,240,259,258,248,243,242,238,260,272,258,235,260,239,271,261,259,267,287,254,251,230,219,203,218,213,223,229,237,231,208,188,201,194,180,170,156,153,155,171,174,157,163,147,165,170,155,142,158,160,161,185,206,196,206,182,189,182,171,143,132,140,168,165,141,136,131,135,139,133,119,91,88,95,130,142,136,136,128,124,135,121,109,89,88,103,119,109,123,114,108,105,143,156,165,137,126,124,132,133,143,134,146,139,148,164,145,122
West Harlem,Manhattan,neighborhood,9,9,8,7,9,11,12,6,6,7,8,8,8,9,9,10,7,8,8,7,6,6,5,5,6,6,7,6,6,7,5,7,9,11,11,11,13,13,8,9,8,7,6,6,6,7,5,4,4,7,7,7,8,7,6,7,6,5,6,5,5,5,3,4,3,2,2,4,6,5,8,4,5,6,6,5,12,13,11,10,11,10,9,7,8,7,6,4,5,5,4,7,5,9,8,8,7,21,28,31,34,37,36,37,36,38,9,8
West Village,Manhattan,neighborhood,217,220,244,252,239,245,237,227,251,254,223,210,205,203,212,210,210,219,215,192,215,215,211,192,185,205,197,201,209,205,178,153,172,168,143,129,131,166,237,268,285,262,235,208,204,210,194,158,156,165,187,221,232,219,206,191,207,227,205,175,173,170,179,188,196,214,189,195,211,232,208,184,190,206,216,229,237,216,209,190,211,225,218,197,186,191,224,226,232,231,221,199,236,250,245,195,202,186,214,240,264,253,249,223,265,277,248,214
Westchester Village,Bronx,neighborhood,0,1,1,1,1,1,1,0,0,0,0,0,0,0,0,0,0,0,0,0,0,0,0,0,0,0,0,0,0,0,0,0,0,0,0,0,0,0,0,0,0,0,3,3,3,3,1,1,1,0,0,0,0,2,2,2,3,2,2,1,0,0,0,0,0,0,0,1,2,2,2,2,4,4,3,2,2,2,2,2,2,2,2,2,2,2,1,4,5,10,8,6,4,4,4,2,3,3,5,4,4,5,7,7,5,4,5,2
Whitestone,Queens,neighborhood,12,15,15,15,13,17,21,17,17,16,14,25,25,23,19,23,29,30,34,30,25,27,28,27,30,25,25,26,25,21,20,20,20,19,19,19,21,19,15,16,20,13,19,21,22,16,20,19,19,21,32,34,45,44,54,56,61,47,31,28,30,30,28,35,40,35,38,41,40,39,43,43,44,42,52,62,60,61,60,61,63,68,79,59,56,55,59,54,63,92,105,103,84,87,82,73,69,67,66,77,92,85,82,79,73,82,76,68
Williamsbridge,Bronx,neighborhood,5,4,5,5,4,3,3,1,2,2,2,3,2,2,3,4,5,4,4,4,4,5,8,9,9,9,12,12,10,8,11,9,7,5,5,4,5,5,5,3,3,4,5,6,6,9,9,10,12,14,10,9,10,7,7,7,8,8,10,8,7,10,11,10,11,12,13,12,15,18,20,14,15,14,13,14,10,10,11,15,22,23,23,23,22,18,16,14,15,30,34,36,21,21,19,16,15,12,16,16,21,27,30,33,32,37,36,34
Williamsburg,Brooklyn,neighborhood,461,475,482,530,482,473,455,484,467,463,515,415,439,420,398,376,363,350,305,281,294,287,270,249,246,246,224,204,202,173,151,146,135,164,144,116,115,107,126,149,162,144,139,139,170,170,152,122,112,113,141,152,157,151,166,158,210,224,194,194,198,206,240,261,283,290,292,259,297,317,293,245,247,270,321,326,363,381,362,332,370,367,356,310,293,314,344,356,373,373,339,301,287,284,274,236,261,241,262,280,313,333,341,302,326,338,310,292
Windsor Terrace,Brooklyn,neighborhood,34,43,46,58,62,62,60,52,56,52,51,42,40,45,66,65,58,61,53,46,53,53,56,47,49,51,57,59,59,54,42,43,45,48,39,33,26,29,30,31,34,24,23,23,21,26,16,15,14,11,19,30,37,37,39,33,36,43,33,25,24,32,39,46,42,34,31,25,28,43,35,30,22,20,30,36,48,51,47,42,38,44,41,33,34,30,32,42,62,57,48,40,51,55,48,38,32,29,38,53,58,48,44,45,51,57,51,38
Woodhaven,Queens,neighborhood,7,7,8,9,8,8,6,6,4,4,5,6,4,4,4,6,7,6,7,6,4,5,6,8,8,8,8,7,6,6,7,6,5,6,6,5,5,5,7,6,5,3,3,5,5,7,6,6,5,7,6,5,4,2,3,4,9,9,10,8,7,6,8,10,10,8,12,11,15,18,16,12,18,19,19,19,18,21,21,22,23,24,21,20,19,20,22,23,26,55,67,64,37,34,30,23,28,31,37,33,41,37,41,41,47,47,53,48
Woodlawn,Bronx,neighborhood,1,1,1,1,1,1,0,0,0,0,0,0,1,1,1,1,1,1,2,2,2,2,2,1,1,2,4,4,4,4,4,5,4,4,4,4,4,0,0,0,1,1,1,1,0,0,1,1,1,1,1,1,1,1,1,1,1,1,1,1,1,2,1,2,2,3,3,3,3,2,2,1,1,1,2,1,1,1,1,1,0,0,0,0,0,0,0,1,2,8,12,10,2,1,1,0,1,2,2,2,2,2,2,3,2,2,1,1
Woodside,Queens,neighborhood,20,21,22,21,22,21,21,23,24,22,22,17,17,16,14,15,22,27,35,35,43,40,40,37,29,30,24,21,24,22,21,26,21,30,31,28,27,22,19,22,27,26,22,20,19,16,18,17,18,17,22,25,29,26,23,17,16,19,16,13,13,9,16,20,16,15,21,23,21,30,27,22,25,30,24,31,40,33,27,23,30,34,33,23,29,26,29,28,29,35,47,48,43,50,50,46,45,44,52,61,61,62,60,62,56,61,65,56
Woodstock,Bronx,neighborhood,2,1,1,1,1,1,0,1,1,1,1,1,1,2,4,6,9,7,10,8,9,9,10,10,9,8,4,3,2,2,2,2,6,4,2,3,2,2,2,1,0,0,1,1,1,1,1,1,1,1,1,1,1,1,1,1,0,0,0,1,1,2,2,0,0,1,1,1,2,2,4,1,0,2,6,7,5,5,6,6,3,4,5,6,6,6,7,7,3,5,7,10,9,10,7,6,5,4,4,2,2,3,3,6,5,7,7,9
